試合ID,日付,ラウンド,プール,守備チーム,投手ID,投手,投球回,投球回（小数）,自責点,失点,被安打,奪三振,与四球,被本塁打,対戦打者数,投球数
788120,2026-03-05,Pool C,C,Chinese Taipei,830717,Jo-Hsi Hsu,4.0,4.0,0,0,2,3,0,0,14,53
788120,2026-03-05,Pool C,C,Chinese Taipei,696040,Po-Yu Chen,1.0,1.0,2,2,1,2,1,1,6,22
788120,2026-03-05,Pool C,C,Chinese Taipei,806844,Yi-Lei Sun,0.2,0.6666666666666666,0,0,1,1,2,0,5,26
788120,2026-03-05,Pool C,C,Chinese Taipei,838359,Yi Chang,1.1,1.3333333333333333,1,1,2,0,0,1,6,20
788120,2026-03-05,Pool C,C,Chinese Taipei,838361,Shih-Hsiang Lin,1.0,1.0,0,0,1,0,0,0,4,14
788120,2026-03-05,Pool C,C,Australia,649144,Alex Wells,3.0,3.0,0,0,0,6,1,0,10,46
788120,2026-03-05,Pool C,C,Australia,672552,Jack O'Loughlin,3.0,3.0,0,0,2,2,0,0,12,44
788120,2026-03-05,Pool C,C,Australia,626943,Jon Kennedy,3.0,3.0,0,0,1,1,1,0,12,41
788115,2026-03-05,Pool C,C,Czechia,804607,Daniel Padysak,0.1,0.3333333333333333,4,4,2,0,2,1,5,18
788115,2026-03-05,Pool C,C,Czechia,808951,Jeff Barto,2.2,2.6666666666666665,2,2,3,1,1,1,12,41
788115,2026-03-05,Pool C,C,Czechia,807156,Michal Kovala,2.0,2.0,2,2,1,4,2,1,10,46
788115,2026-03-05,Pool C,C,Czechia,626416,Jan Novak,1.0,1.0,0,0,0,0,0,0,3,8
788115,2026-03-05,Pool C,C,Czechia,807155,Lukas Ercoli,1.2,1.6666666666666665,1,2,2,0,0,0,7,25
788115,2026-03-05,Pool C,C,Czechia,693978,Lukas Hlouch,0.1,0.3333333333333333,1,1,2,1,0,1,3,11
788115,2026-03-05,Pool C,C,Korea,808984,Hyeong Jun So,3.0,3.0,0,0,4,2,1,0,12,42
788115,2026-03-05,Pool C,C,Korea,628359,Kyung-Eun Noh,1.0,1.0,0,0,2,1,0,0,5,13
788115,2026-03-05,Pool C,C,Korea,838331,Woo Joo Jeong,1.0,1.0,3,3,2,2,0,1,6,23
788115,2026-03-05,Pool C,C,Korea,823561,Yeong Hyun Park,1.0,1.0,0,0,0,2,1,0,4,17
788115,2026-03-05,Pool C,C,Korea,823568,Byeong Hyeon Jo,1.0,1.0,0,0,0,1,0,0,3,9
788115,2026-03-05,Pool C,C,Korea,838342,Young Kyu Kim,1.0,1.0,0,0,0,2,0,0,3,18
788115,2026-03-05,Pool C,C,Korea,823590,Yeong Chan You,1.0,1.0,1,1,1,2,1,0,5,17
788116,2026-03-06,Pool C,C,Australia,681973,Josh Hendrickson,3.0,3.0,1,1,2,2,1,0,12,45
788116,2026-03-06,Pool C,C,Australia,807650,Coen Wynne,2.0,2.0,0,0,1,0,0,0,7,17
788116,2026-03-06,Pool C,C,Australia,678620,Blake Townsend,1.0,1.0,0,0,0,1,0,0,3,12
788116,2026-03-06,Pool C,C,Australia,673132,Ky Hampton,1.0,1.0,0,0,1,2,0,0,4,15
788116,2026-03-06,Pool C,C,Australia,573667,Todd Van Steensel,1.0,1.0,0,0,0,0,1,0,3,10
788116,2026-03-06,Pool C,C,Australia,666748,Mitch Neunborn,1.0,1.0,0,0,0,0,1,0,4,14
788116,2026-03-06,Pool C,C,Czechia,838345,Tomas Ondra,3.1,3.3333333333333335,3,3,3,2,1,1,14,50
788116,2026-03-06,Pool C,C,Czechia,693974,Ondrej Satoria,3.2,3.6666666666666665,0,0,1,3,1,0,12,48
788116,2026-03-06,Pool C,C,Czechia,689650,Ryan Johnson,1.0,1.0,2,2,3,0,1,1,7,23
788116,2026-03-06,Pool C,C,Czechia,608042,Marek Minarik,1.0,1.0,0,0,2,0,1,0,4,14
788114,2026-03-06,Pool C,C,Japan,808967,Yoshinobu Yamamoto,2.2,2.6666666666666665,0,0,0,2,3,0,11,53
788114,2026-03-06,Pool C,C,Japan,838755,Shoma Fujihira,0.1,0.3333333333333333,0,0,0,1,0,0,1,5
788114,2026-03-06,Pool C,C,Japan,808958,Hiroya Miyagi,2.0,2.0,0,0,0,3,2,0,9,42
788114,2026-03-06,Pool C,C,Japan,838348,Koki Kitayama,1.0,1.0,0,0,1,1,0,0,4,19
788114,2026-03-06,Pool C,C,Japan,838349,Ryuhei Sotani,1.0,1.0,0,0,0,1,0,0,3,16
788114,2026-03-06,Pool C,C,Chinese Taipei,692059,Hao-Chun Cheng,1.2,1.6666666666666665,8,8,5,2,4,1,15,54
788114,2026-03-06,Pool C,C,Chinese Taipei,629496,Chih-Wei Hu,0.1,0.3333333333333333,2,2,3,0,1,0,5,16
788114,2026-03-06,Pool C,C,Chinese Taipei,809223,Tzu-Chen Sha,2.0,2.0,3,3,4,1,0,0,10,39
788114,2026-03-06,Pool C,C,Chinese Taipei,838362,Jun-Wei Zhang,2.2,2.6666666666666665,0,0,1,0,2,0,10,42
788114,2026-03-06,Pool C,C,Chinese Taipei,838361,Shih-Hsiang Lin,0.1,0.3333333333333333,0,0,0,0,0,0,1,1
788139,2026-03-06,Pool A,A,Cuba,661267,Livan Moinelo,3.2,3.6666666666666665,0,0,2,4,2,0,15,59
788139,2026-03-06,Pool A,A,Cuba,684320,Yariel Rodríguez,2.1,2.3333333333333335,0,0,0,3,0,0,7,27
788139,2026-03-06,Pool A,A,Cuba,820888,Emmanuel Chapman,0.2,0.6666666666666666,1,1,2,0,0,0,4,19
788139,2026-03-06,Pool A,A,Cuba,628345,Darien Núñez,0.1,0.3333333333333333,0,0,0,0,0,0,1,4
788139,2026-03-06,Pool A,A,Cuba,661255,Yoan López,1.0,1.0,0,0,1,0,0,0,4,15
788139,2026-03-06,Pool A,A,Cuba,673510,Raidel Martinez,1.0,1.0,0,0,0,1,0,0,3,13
788139,2026-03-06,Pool A,A,Panama,671106,Logan Allen,3.0,3.0,3,3,5,5,0,2,14,54
788139,2026-03-06,Pool A,A,Panama,665959,Abdiel Mendoza,1.0,1.0,0,0,0,1,1,0,4,24
788139,2026-03-06,Pool A,A,Panama,800550,Miguel Cienfuegos,1.0,1.0,0,0,0,1,1,0,3,22
788139,2026-03-06,Pool A,A,Panama,642607,Dario Agrazal,2.0,2.0,0,0,0,3,0,0,6,20
788139,2026-03-06,Pool A,A,Panama,665789,Kenny Hernandez,1.0,1.0,0,0,0,0,0,0,3,5
788139,2026-03-06,Pool A,A,Panama,642770,Javy Guerra,1.0,1.0,0,0,0,1,0,0,3,12
788110,2026-03-06,Pool D,D,Kingdom of the Netherlands,699008,Antwone Kelly,3.0,3.0,2,2,4,1,1,1,13,48
788110,2026-03-06,Pool D,D,Kingdom of the Netherlands,820853,Ryjeteri Merite,1.0,1.0,0,0,1,0,0,0,4,16
788110,2026-03-06,Pool D,D,Kingdom of the Netherlands,692838,Jaydenn Estanista,0.0,0.0,4,4,1,0,2,0,4,15
788110,2026-03-06,Pool D,D,Kingdom of the Netherlands,677804,Eric Mendez,1.0,1.0,0,0,2,1,1,0,5,25
788110,2026-03-06,Pool D,D,Kingdom of the Netherlands,622464,Wendell Floranus,2.0,2.0,0,0,1,2,0,0,7,24
788110,2026-03-06,Pool D,D,Kingdom of the Netherlands,543833,Juan Carlos Sulbaran,1.0,1.0,0,0,2,0,0,0,4,12
788110,2026-03-06,Pool D,D,Venezuela,624133,Ranger Suarez,2.0,2.0,1,1,3,1,1,0,10,43
788110,2026-03-06,Pool D,D,Venezuela,660825,Eduard Bazardo,1.0,1.0,0,0,0,0,0,0,3,10
788110,2026-03-06,Pool D,D,Venezuela,679883,Luinder Avila,2.0,2.0,0,1,1,2,3,0,11,44
788110,2026-03-06,Pool D,D,Venezuela,676130,José Buttó,2.0,2.0,0,0,0,1,0,0,7,28
788110,2026-03-06,Pool D,D,Venezuela,600921,Andrés Machado,1.0,1.0,0,0,0,2,0,0,4,20
788110,2026-03-06,Pool D,D,Venezuela,694037,Daniel Palencia,1.0,1.0,0,0,0,2,0,0,4,14
788129,2026-03-06,Pool B,B,Mexico,665871,Javier Assad,3.2,3.6666666666666665,0,0,2,2,1,0,13,51
788129,2026-03-06,Pool B,B,Mexico,657514,Brennan Bernardino,1.0,1.0,0,0,1,2,0,0,4,12
788129,2026-03-06,Pool B,B,Mexico,703725,Luis Gastelum,0.1,0.3333333333333333,0,0,1,0,0,0,2,7
788129,2026-03-06,Pool B,B,Mexico,692024,Alex Carrillo,0.2,0.6666666666666666,1,1,1,1,0,1,3,13
788129,2026-03-06,Pool B,B,Mexico,696519,Samy Natera Jr.,0.1,0.3333333333333333,0,0,1,0,2,0,3,17
788129,2026-03-06,Pool B,B,Mexico,676395,Robert Garcia,1.0,1.0,0,0,0,1,0,0,3,9
788129,2026-03-06,Pool B,B,Mexico,680767,Victor Vodnik,1.0,1.0,0,0,0,0,2,0,5,26
788129,2026-03-06,Pool B,B,Mexico,662253,Andrés Muñoz,1.0,1.0,1,1,2,2,0,0,5,22
788129,2026-03-06,Pool B,B,Great Britain,681252,Jack Anderson,3.0,3.0,1,1,2,3,0,1,11,54
788129,2026-03-06,Pool B,B,Great Britain,657101,Nick Wells,2.0,2.0,0,0,0,1,0,0,6,20
788129,2026-03-06,Pool B,B,Great Britain,702465,Ryan Long,1.0,1.0,0,0,0,1,1,0,5,19
788129,2026-03-06,Pool B,B,Great Britain,804541,Gary Gill Hill,1.2,1.6666666666666665,2,2,0,3,2,0,7,30
788129,2026-03-06,Pool B,B,Great Britain,663941,Tristan Beck,0.1,0.3333333333333333,1,1,1,0,0,1,2,4
788129,2026-03-06,Pool B,B,Great Britain,676942,Graham Spraker,0.1,0.3333333333333333,3,3,1,0,2,0,4,22
788129,2026-03-06,Pool B,B,Great Britain,592229,Dylan Covey,0.2,0.6666666666666666,1,1,2,1,0,0,4,13
788136,2026-03-06,Pool A,A,Puerto Rico,607625,Seth Lugo,4.0,4.0,0,0,3,3,2,0,17,62
788136,2026-03-06,Pool A,A,Puerto Rico,670329,Rico Garcia,1.0,1.0,0,0,0,1,1,0,4,23
788136,2026-03-06,Pool A,A,Puerto Rico,663558,Jovani Morán,1.0,1.0,0,0,0,1,1,0,4,16
788136,2026-03-06,Pool A,A,Puerto Rico,605441,Yacksel Ríos,1.0,1.0,0,0,0,1,0,0,3,16
788136,2026-03-06,Pool A,A,Puerto Rico,681938,Angel Reyes,0.2,0.6666666666666666,0,0,2,0,1,0,5,21
788136,2026-03-06,Pool A,A,Puerto Rico,518585,Fernando Cruz,0.1,0.3333333333333333,0,0,0,0,0,0,1,1
788136,2026-03-06,Pool A,A,Puerto Rico,621242,Edwin Díaz,1.0,1.0,0,0,1,3,0,0,4,24
788136,2026-03-06,Pool A,A,Colombia,500779,Jose Quintana,3.0,3.0,0,0,0,1,1,0,9,31
788136,2026-03-06,Pool A,A,Colombia,622426,Adrian Almeida,1.1,1.3333333333333333,3,5,4,3,0,0,9,33
788136,2026-03-06,Pool A,A,Colombia,800124,David Lorduy,0.2,0.6666666666666666,0,0,1,0,0,0,3,8
788136,2026-03-06,Pool A,A,Colombia,650813,Luis Escobar,1.1,1.3333333333333333,0,0,0,0,2,0,6,23
788136,2026-03-06,Pool A,A,Colombia,690345,Pedro Garcia,0.2,0.6666666666666666,0,0,0,1,1,0,3,5
788136,2026-03-06,Pool A,A,Colombia,642857,Yapson Gomez,1.0,1.0,0,0,0,1,0,0,3,10
788136,2026-03-06,Pool A,A,Colombia,672550,Danis Correa,1.0,1.0,0,0,0,2,0,0,3,17
788105,2026-03-06,Pool D,D,Nicaragua,642574,Ronald Medrano,2.2,2.6666666666666665,3,3,6,3,2,0,16,64
788105,2026-03-06,Pool D,D,Nicaragua,807358,Danilo Bermudez,1.1,1.3333333333333333,0,0,0,0,0,0,3,16
788105,2026-03-06,Pool D,D,Nicaragua,691602,Stiven Cruz,1.1,1.3333333333333333,2,2,2,1,0,1,6,29
788105,2026-03-06,Pool D,D,Nicaragua,650356,Dilmer Mejia,0.2,0.6666666666666666,0,0,0,0,0,0,2,5
788105,2026-03-06,Pool D,D,Nicaragua,808986,Duque Hebbert,0.0,0.0,1,1,1,0,1,0,3,14
788105,2026-03-06,Pool D,D,Nicaragua,830693,Kenword Burton,1.0,1.0,0,0,0,0,1,0,3,13
788105,2026-03-06,Pool D,D,Nicaragua,608476,Osman Gutierrez,0.1,0.3333333333333333,5,5,3,0,2,2,6,22
788105,2026-03-06,Pool D,D,Nicaragua,678897,Bryan Torres,0.2,0.6666666666666666,1,1,2,0,1,0,5,16
788105,2026-03-06,Pool D,D,Dominican Republic,650911,Cristopher Sánchez,1.1,1.3333333333333333,3,3,6,4,1,0,12,43
788105,2026-03-06,Pool D,D,Dominican Republic,623211,Huascar Brazobán,1.2,1.6666666666666665,0,0,0,1,0,0,5,16
788105,2026-03-06,Pool D,D,Dominican Republic,675848,Juan Mejia,1.0,1.0,0,0,0,0,0,0,3,16
788105,2026-03-06,Pool D,D,Dominican Republic,642701,Dennis Santana,1.0,1.0,0,0,0,0,0,0,3,7
788105,2026-03-06,Pool D,D,Dominican Republic,622554,Seranthony Domínguez,1.0,1.0,0,0,1,0,0,0,4,9
788105,2026-03-06,Pool D,D,Dominican Republic,593974,Wandy Peralta,1.0,1.0,0,0,0,0,0,0,4,12
788105,2026-03-06,Pool D,D,Dominican Republic,666808,Camilo Doval,1.0,1.0,0,0,0,0,0,0,3,11
788105,2026-03-06,Pool D,D,Dominican Republic,642397,Gregory Soto,0.1,0.3333333333333333,0,0,2,1,1,0,4,24
788105,2026-03-06,Pool D,D,Dominican Republic,665660,Elvis Alvarado,0.2,0.6666666666666666,0,0,0,0,0,0,1,2
788128,2026-03-06,Pool B,B,United States,657277,Logan Webb,4.0,4.0,1,1,1,6,0,1,13,52
788128,2026-03-06,Pool B,B,United States,608379,Michael Wacha,3.0,3.0,3,3,4,5,0,1,13,39
788128,2026-03-06,Pool B,B,United States,642100,Gabe Speier,1.0,1.0,1,1,1,2,0,1,4,14
788128,2026-03-06,Pool B,B,United States,695243,Mason Miller,1.0,1.0,0,0,0,3,1,0,4,23
788128,2026-03-06,Pool B,B,Brazil,649963,Bo Takahashi,1.0,1.0,2,2,3,1,1,1,7,37
788128,2026-03-06,Pool B,B,Brazil,828631,Joseph Contreras,1.1,1.3333333333333333,1,1,2,0,3,0,8,33
788128,2026-03-06,Pool B,B,Brazil,547921,Tiago Da Silva,1.2,1.6666666666666665,0,0,0,0,1,0,6,24
788128,2026-03-06,Pool B,B,Brazil,600986,Thyago Vieira,0.1,0.3333333333333333,2,2,0,0,2,0,3,13
788128,2026-03-06,Pool B,B,Brazil,682858,Gabriel Barbosa,0.2,0.6666666666666666,2,2,1,0,2,0,6,18
788128,2026-03-06,Pool B,B,Brazil,806891,Joao Gabriel Marostica,2.1,2.3333333333333335,1,1,0,0,3,0,11,35
788128,2026-03-06,Pool B,B,Brazil,627387,Hugo Kanabushi,0.2,0.6666666666666666,1,1,2,0,0,0,4,15
788128,2026-03-06,Pool B,B,Brazil,838355,Tomas Lopez,0.1,0.3333333333333333,4,4,1,1,3,0,5,25
788128,2026-03-06,Pool B,B,Brazil,836637,Vitor Takahashi,0.2,0.6666666666666666,2,2,1,0,2,0,5,21
788117,2026-03-07,Pool C,C,Chinese Taipei,800018,Chen Zhong-Ao Zhuang,2.2,2.6666666666666665,0,0,2,4,1,0,12,55
788117,2026-03-07,Pool C,C,Chinese Taipei,801179,Yu-Min Lin,2.1,2.3333333333333335,0,0,2,3,0,0,9,30
788117,2026-03-07,Pool C,C,Chinese Taipei,666020,Kai-Wei Lin,1.0,1.0,0,0,0,1,0,0,3,10
788117,2026-03-07,Pool C,C,Chinese Taipei,809004,Jyun-Yue Tseng,1.0,1.0,0,0,0,2,0,0,3,15
788117,2026-03-07,Pool C,C,Czechia,626416,Jan Novak,2.2,2.6666666666666665,6,6,5,3,3,1,16,48
788117,2026-03-07,Pool C,C,Czechia,667766,Tomas Duffek,1.1,1.3333333333333333,2,2,1,1,2,0,7,31
788117,2026-03-07,Pool C,C,Czechia,808951,Jeff Barto,0.2,0.6666666666666666,1,1,2,0,1,0,5,15
788117,2026-03-07,Pool C,C,Czechia,693978,Lukas Hlouch,0.1,0.3333333333333333,0,0,0,0,0,0,1,4
788117,2026-03-07,Pool C,C,Czechia,626423,Martin Schneider,0.1,0.3333333333333333,3,3,1,1,1,0,4,13
788117,2026-03-07,Pool C,C,Czechia,807828,Boris Vecerka,0.0,0.0,2,2,1,0,1,0,3,12
788117,2026-03-07,Pool C,C,Czechia,693972,Filip Capka,1.2,1.6666666666666665,0,0,1,1,0,0,6,19
788118,2026-03-07,Pool C,C,Korea,808978,Young Pyo Ko,2.2,2.6666666666666665,4,4,3,4,1,3,12,51
788118,2026-03-07,Pool C,C,Korea,823568,Byeong Hyeon Jo,1.1,1.3333333333333333,1,1,1,1,1,1,5,26
788118,2026-03-07,Pool C,C,Korea,838333,Ju Young Son,1.0,1.0,0,0,1,1,0,0,4,18
788118,2026-03-07,Pool C,C,Korea,808970,Woo-Suk Go,1.0,1.0,0,0,0,0,0,0,3,13
788118,2026-03-07,Pool C,C,Korea,823561,Yeong Hyun Park,0.2,0.6666666666666666,2,2,0,0,2,0,4,14
788118,2026-03-07,Pool C,C,Korea,838342,Young Kyu Kim,0.0,0.0,1,1,1,0,2,0,3,12
788118,2026-03-07,Pool C,C,Korea,823559,Taek Yeon Kim,1.1,1.3333333333333333,0,0,1,2,0,0,5,21
788118,2026-03-07,Pool C,C,Japan,579328,Yusei Kikuchi,3.0,3.0,3,3,6,4,0,0,15,63
788118,2026-03-07,Pool C,C,Japan,808955,Hiromi Itoh,3.0,3.0,2,2,1,6,0,1,11,52
788118,2026-03-07,Pool C,C,Japan,684001,Atsuki Taneichi,1.0,1.0,0,0,0,3,0,0,3,15
788118,2026-03-07,Pool C,C,Japan,838346,Yuki Matsumoto,1.0,1.0,1,1,2,2,2,0,7,27
788118,2026-03-07,Pool C,C,Japan,808962,Taisei Ota,1.0,1.0,0,0,0,0,0,0,3,7
788138,2026-03-07,Pool A,A,Colombia,666123,Austin Bergner,2.0,2.0,2,2,2,1,1,1,9,33
788138,2026-03-07,Pool A,A,Colombia,677013,Rio Gomez,0.2,0.6666666666666666,1,1,2,1,0,0,4,22
788138,2026-03-07,Pool A,A,Colombia,627218,Emerson Martinez,1.1,1.3333333333333333,0,0,0,2,1,0,6,24
788138,2026-03-07,Pool A,A,Colombia,666669,Elkin Alcala,1.0,1.0,0,0,0,0,0,0,3,13
788138,2026-03-07,Pool A,A,Colombia,664375,Ezequiel Zabaleta,1.0,1.0,0,0,0,1,0,0,3,12
788138,2026-03-07,Pool A,A,Colombia,642857,Yapson Gomez,0.1,0.3333333333333333,0,1,1,1,1,0,4,13
788138,2026-03-07,Pool A,A,Colombia,670871,Guillo Zuñiga,1.0,1.0,3,3,2,0,1,0,5,17
788138,2026-03-07,Pool A,A,Colombia,664584,Jhon Romero,0.1,0.3333333333333333,1,1,1,0,3,0,5,22
788138,2026-03-07,Pool A,A,Colombia,650813,Luis Escobar,0.1,0.3333333333333333,0,0,0,0,0,0,1,2
788138,2026-03-07,Pool A,A,Canada,647336,Michael Soroka,3.0,3.0,1,1,4,2,1,0,12,54
788138,2026-03-07,Pool A,A,Canada,666301,Indigo Diaz,1.0,1.0,0,0,0,2,1,0,4,19
788138,2026-03-07,Pool A,A,Canada,659418,Noah Skirrow,3.0,3.0,0,0,1,2,0,0,10,38
788138,2026-03-07,Pool A,A,Canada,809840,Micah Ashman,0.2,0.6666666666666666,1,1,1,1,1,0,5,22
788138,2026-03-07,Pool A,A,Canada,672021,Eric Cerantola,1.0,1.0,0,0,0,1,0,0,3,9
788138,2026-03-07,Pool A,A,Canada,518418,Phillippe Aumont,0.1,0.3333333333333333,0,0,0,1,0,0,1,5
788108,2026-03-07,Pool D,D,Nicaragua,541640,Erasmo Ramírez,5.0,5.0,1,1,5,2,1,0,22,63
788108,2026-03-07,Pool D,D,Nicaragua,699325,Oscar Rayo,0.1,0.3333333333333333,0,0,1,0,1,0,3,11
788108,2026-03-07,Pool D,D,Nicaragua,679752,Angel Obando,3.1,3.3333333333333335,3,3,4,3,1,1,15,45
788108,2026-03-07,Pool D,D,Kingdom of the Netherlands,823858,Jaitoine Kelly,2.0,2.0,0,0,1,3,1,0,9,31
788108,2026-03-07,Pool D,D,Kingdom of the Netherlands,808721,Kevin Kelly,2.1,2.3333333333333335,1,1,3,2,1,0,12,33
788108,2026-03-07,Pool D,D,Kingdom of the Netherlands,663723,Derek West,2.2,2.6666666666666665,0,0,3,2,3,0,13,49
788108,2026-03-07,Pool D,D,Kingdom of the Netherlands,609044,Lars Huijer,2.0,2.0,2,2,2,2,0,1,10,27
788126,2026-03-07,Pool B,B,Brazil,807344,Enzo Sawayama,4.0,4.0,0,0,2,3,1,0,14,45
788126,2026-03-07,Pool B,B,Brazil,622609,Hector Villarroel,2.0,2.0,2,2,4,1,2,0,11,41
788126,2026-03-07,Pool B,B,Brazil,517209,Murilo Gouvea,0.2,0.6666666666666666,3,3,1,2,2,1,5,24
788126,2026-03-07,Pool B,B,Brazil,627393,Oscar Nakaoshi,0.1,0.3333333333333333,1,1,2,0,1,1,4,13
788126,2026-03-07,Pool B,B,Brazil,822885,Caio De Araujo,1.0,1.0,2,2,3,1,1,1,7,26
788126,2026-03-07,Pool B,B,Italy,691951,Sam Aldegheri,4.2,4.666666666666667,0,0,1,8,2,0,15,63
788126,2026-03-07,Pool B,B,Italy,689690,Alek Jacob,1.1,1.3333333333333333,0,0,0,3,0,0,4,18
788126,2026-03-07,Pool B,B,Italy,700669,Gordon Graceffo,1.0,1.0,0,0,1,3,1,0,5,25
788126,2026-03-07,Pool B,B,Italy,668144,Claudio Scotti,2.0,2.0,0,0,2,1,0,0,8,36
788137,2026-03-07,Pool A,A,Panama,642558,Ariel Jurado,5.0,5.0,0,0,3,4,0,0,17,56
788137,2026-03-07,Pool A,A,Panama,642770,Javy Guerra,0.1,0.3333333333333333,1,1,2,0,0,0,4,17
788137,2026-03-07,Pool A,A,Panama,665789,Kenny Hernandez,1.2,1.6666666666666665,0,0,2,1,0,0,6,20
788137,2026-03-07,Pool A,A,Panama,665959,Abdiel Mendoza,0.2,0.6666666666666666,0,0,0,0,0,0,3,8
788137,2026-03-07,Pool A,A,Panama,593604,Alberto Baldonado,1.0,1.0,1,1,1,0,3,0,7,36
788137,2026-03-07,Pool A,A,Panama,605894,Severino González,1.0,1.0,1,2,2,0,0,1,4,8
788137,2026-03-07,Pool A,A,Puerto Rico,700842,Eduardo Rivera,4.1,4.333333333333333,1,1,1,5,1,0,16,56
788137,2026-03-07,Pool A,A,Puerto Rico,605347,Jorge López,0.1,0.3333333333333333,1,1,2,0,0,0,3,7
788137,2026-03-07,Pool A,A,Puerto Rico,703106,Ricardo Velez,1.1,1.3333333333333333,0,0,1,1,0,0,6,14
788137,2026-03-07,Pool A,A,Puerto Rico,687879,Luis Quiñones,2.0,2.0,0,0,0,5,1,0,7,29
788137,2026-03-07,Pool A,A,Puerto Rico,664744,Jose Espada,2.0,2.0,0,1,2,1,0,0,7,31
788107,2026-03-07,Pool D,D,Israel,815084,Ben Simon,0.1,0.3333333333333333,4,4,3,1,1,1,5,29
788107,2026-03-07,Pool D,D,Israel,810897,Charlie Beilenson,1.2,1.6666666666666665,0,0,1,2,0,0,6,20
788107,2026-03-07,Pool D,D,Israel,802363,Jordan Geber,3.0,3.0,1,1,2,2,1,1,13,44
788107,2026-03-07,Pool D,D,Israel,679946,Daniel Federman,0.1,0.3333333333333333,4,4,1,0,3,0,5,23
788107,2026-03-07,Pool D,D,Israel,641739,Rob Kaminsky,1.2,1.6666666666666665,1,1,4,1,0,1,8,29
788107,2026-03-07,Pool D,D,Israel,681671,Zack Leban,1.0,1.0,1,1,3,0,0,0,6,15
788107,2026-03-07,Pool D,D,Venezuela,646241,Enmanuel De Jesus,5.0,5.0,1,1,2,8,0,0,17,63
788107,2026-03-07,Pool D,D,Venezuela,645307,Ricardo Sánchez,2.0,2.0,1,1,2,0,0,1,8,28
788107,2026-03-07,Pool D,D,Venezuela,672582,Angel Zerpa,1.0,1.0,0,0,0,0,0,0,3,9
788107,2026-03-07,Pool D,D,Venezuela,683627,Anthony Molina,1.0,1.0,1,1,3,1,0,1,6,17
788127,2026-03-07,Pool B,B,Great Britain,643588,Tyler Viza,3.0,3.0,0,0,2,0,0,0,11,42
788127,2026-03-07,Pool B,B,Great Britain,695402,Najer Victor,1.1,1.3333333333333333,0,1,0,4,1,0,6,30
788127,2026-03-07,Pool B,B,Great Britain,668687,Andre Scrubb,0.0,0.0,3,3,3,0,0,1,3,9
788127,2026-03-07,Pool B,B,Great Britain,687630,Donovan Benoit,0.2,0.6666666666666666,1,1,1,0,1,0,5,20
788127,2026-03-07,Pool B,B,Great Britain,681501,Chavez Fernander,0.1,0.3333333333333333,3,3,2,0,2,0,5,19
788127,2026-03-07,Pool B,B,Great Britain,695680,Miles Langhorne,0.2,0.6666666666666666,0,0,2,1,0,0,4,21
788127,2026-03-07,Pool B,B,Great Britain,474699,Vance Worley,2.0,2.0,1,1,2,1,3,0,11,42
788127,2026-03-07,Pool B,B,United States,669373,Tarik Skubal,3.0,3.0,1,1,2,5,0,1,11,41
788127,2026-03-07,Pool B,B,United States,605280,Clay Holmes,3.0,3.0,0,0,1,6,0,0,9,38
788127,2026-03-07,Pool B,B,United States,670280,David Bednar,1.0,1.0,0,0,0,2,0,0,3,11
788127,2026-03-07,Pool B,B,United States,643377,Griffin Jax,1.0,1.0,0,0,0,2,0,0,3,14
788127,2026-03-07,Pool B,B,United States,641745,Brad Keller,1.0,1.0,0,0,0,2,0,0,3,15
788113,2026-03-08,Pool C,C,Chinese Taipei,830716,Ruei-Yang Gu Lin,4.0,4.0,1,1,2,1,1,0,14,59
788113,2026-03-08,Pool C,C,Chinese Taipei,827734,Wei-En Lin,2.1,2.3333333333333335,2,2,1,4,2,1,9,34
788113,2026-03-08,Pool C,C,Chinese Taipei,666020,Kai-Wei Lin,0.2,0.6666666666666666,0,0,0,0,0,0,1,7
788113,2026-03-08,Pool C,C,Chinese Taipei,806844,Yi-Lei Sun,1.2,1.6666666666666665,1,1,1,2,1,0,8,36
788113,2026-03-08,Pool C,C,Chinese Taipei,838359,Yi Chang,0.1,0.3333333333333333,0,0,0,0,1,0,2,9
788113,2026-03-08,Pool C,C,Chinese Taipei,809004,Jyun-Yue Tseng,1.0,1.0,0,0,0,0,0,0,3,9
788113,2026-03-08,Pool C,C,Korea,547943,Hyun Jin Ryu,3.0,3.0,1,1,3,3,0,1,12,50
788113,2026-03-08,Pool C,C,Korea,808971,Been Gwak,3.1,3.3333333333333335,1,1,2,3,1,1,13,47
788113,2026-03-08,Pool C,C,Korea,641540,Dane Dunning,1.2,1.6666666666666665,2,2,2,1,0,1,6,15
788113,2026-03-08,Pool C,C,Korea,808970,Woo-Suk Go,1.2,1.6666666666666665,0,1,0,1,0,0,6,22
788113,2026-03-08,Pool C,C,Korea,628359,Kyung-Eun Noh,0.1,0.3333333333333333,0,0,0,0,1,0,2,6
788109,2026-03-08,Pool C,C,Australia,628015,Connor MacDonald,3.0,3.0,0,0,1,1,3,0,13,54
788109,2026-03-08,Pool C,C,Australia,599683,Warwick Saupold,0.2,0.6666666666666666,0,0,1,0,2,0,5,19
788109,2026-03-08,Pool C,C,Australia,678620,Blake Townsend,1.1,1.3333333333333333,0,0,0,1,1,0,4,24
788109,2026-03-08,Pool C,C,Australia,807650,Coen Wynne,0.2,0.6666666666666666,0,0,0,0,1,0,3,7
788109,2026-03-08,Pool C,C,Australia,626943,Jon Kennedy,1.1,1.3333333333333333,2,2,2,0,1,1,7,25
788109,2026-03-08,Pool C,C,Australia,673132,Ky Hampton,0.1,0.3333333333333333,2,2,1,0,4,0,6,19
788109,2026-03-08,Pool C,C,Australia,692707,Cooper Morgan,0.2,0.6666666666666666,0,0,0,0,0,0,1,4
788109,2026-03-08,Pool C,C,Japan,608372,Tomoyuki Sugano,4.0,4.0,0,0,4,2,0,0,15,50
788109,2026-03-08,Pool C,C,Japan,838757,Chihiro Sumida,3.0,3.0,0,1,2,7,0,0,11,43
788109,2026-03-08,Pool C,C,Japan,684001,Atsuki Taneichi,1.0,1.0,0,0,0,2,0,0,3,11
788109,2026-03-08,Pool C,C,Japan,808962,Taisei Ota,1.0,1.0,2,2,2,1,0,2,5,16
788135,2026-03-08,Pool A,A,Colombia,672715,Luis Patiño,0.1,0.3333333333333333,4,4,2,0,1,2,5,15
788135,2026-03-08,Pool A,A,Colombia,800124,David Lorduy,2.2,2.6666666666666665,0,0,0,1,0,0,8,24
788135,2026-03-08,Pool A,A,Colombia,627218,Emerson Martinez,2.0,2.0,0,0,2,2,0,0,8,24
788135,2026-03-08,Pool A,A,Colombia,664375,Ezequiel Zabaleta,2.0,2.0,0,3,2,2,2,0,10,31
788135,2026-03-08,Pool A,A,Colombia,666669,Elkin Alcala,1.0,1.0,0,0,2,2,0,0,5,17
788135,2026-03-08,Pool A,A,Cuba,682644,Denny Larrondo,2.0,2.0,0,1,0,1,4,0,10,41
788135,2026-03-08,Pool A,A,Cuba,684320,Yariel Rodríguez,2.0,2.0,0,0,1,3,0,0,7,30
788135,2026-03-08,Pool A,A,Cuba,683726,Pedro Santos,1.0,1.0,1,1,1,1,3,0,6,26
788135,2026-03-08,Pool A,A,Cuba,628345,Darien Núñez,1.0,1.0,0,0,1,1,0,0,4,11
788135,2026-03-08,Pool A,A,Cuba,820888,Emmanuel Chapman,0.2,0.6666666666666666,2,2,2,1,2,0,7,25
788135,2026-03-08,Pool A,A,Cuba,673603,Luis Romero,0.1,0.3333333333333333,0,0,0,0,0,0,1,3
788135,2026-03-08,Pool A,A,Cuba,661255,Yoan López,1.0,1.0,0,0,2,0,0,0,4,13
788135,2026-03-08,Pool A,A,Cuba,673510,Raidel Martinez,1.0,1.0,0,0,0,2,1,0,4,14
788106,2026-03-08,Pool D,D,Kingdom of the Netherlands,687677,Arij Fransen,2.0,2.0,3,3,2,3,3,0,11,51
788106,2026-03-08,Pool D,D,Kingdom of the Netherlands,677804,Eric Mendez,1.0,1.0,1,1,1,0,1,1,5,20
788106,2026-03-08,Pool D,D,Kingdom of the Netherlands,808511,Dylan Wilson,1.0,1.0,0,0,0,0,1,0,4,9
788106,2026-03-08,Pool D,D,Kingdom of the Netherlands,622464,Wendell Floranus,0.1,0.3333333333333333,5,5,3,0,2,2,6,30
788106,2026-03-08,Pool D,D,Kingdom of the Netherlands,838329,Justin Morales,0.2,0.6666666666666666,0,1,1,0,2,0,5,20
788106,2026-03-08,Pool D,D,Kingdom of the Netherlands,445276,Kenley Jansen,1.0,1.0,0,0,0,1,1,0,4,16
788106,2026-03-08,Pool D,D,Kingdom of the Netherlands,543833,Juan Carlos Sulbaran,0.2,0.6666666666666666,2,2,1,1,1,1,4,17
788106,2026-03-08,Pool D,D,Dominican Republic,622663,Luis Severino,4.0,4.0,1,1,3,5,0,1,15,60
788106,2026-03-08,Pool D,D,Dominican Republic,656061,Albert Abreu,2.0,2.0,0,0,1,4,1,0,8,31
788106,2026-03-08,Pool D,D,Dominican Republic,682842,Abner Uribe,1.0,1.0,0,0,1,2,0,0,4,10
788124,2026-03-08,Pool B,B,Great Britain,801643,Owen Wild,3.0,3.0,2,2,2,2,1,2,12,45
788124,2026-03-08,Pool B,B,Great Britain,657101,Nick Wells,0.2,0.6666666666666666,1,3,4,1,1,0,8,40
788124,2026-03-08,Pool B,B,Great Britain,808952,Jack Seppings,1.1,1.3333333333333333,2,2,4,0,1,0,9,27
788124,2026-03-08,Pool B,B,Great Britain,676942,Graham Spraker,2.2,2.6666666666666665,0,0,2,2,1,0,9,36
788124,2026-03-08,Pool B,B,Great Britain,592229,Dylan Covey,0.1,0.3333333333333333,0,0,0,0,1,0,2,7
788124,2026-03-08,Pool B,B,Italy,690626,Dylan DeLucia,3.2,3.6666666666666665,2,2,2,5,1,0,14,69
788124,2026-03-08,Pool B,B,Italy,838341,Gabriele Quattrini,1.1,1.3333333333333333,0,0,1,1,1,0,6,17
788124,2026-03-08,Pool B,B,Italy,686747,Joe La Sorsa,1.0,1.0,0,0,0,2,0,0,3,13
788124,2026-03-08,Pool B,B,Italy,670036,Matt Festa,1.0,1.0,0,0,1,2,0,0,4,17
788124,2026-03-08,Pool B,B,Italy,693312,Kyle Nicolas,0.1,0.3333333333333333,2,2,2,0,1,0,4,15
788124,2026-03-08,Pool B,B,Italy,676760,Ron Marinaccio,0.2,0.6666666666666666,0,0,0,2,0,0,2,11
788124,2026-03-08,Pool B,B,Italy,669711,Greg Weissert,1.0,1.0,0,0,1,1,2,0,6,17
788104,2026-03-08,Pool D,D,Nicaragua,692230,Carlos Rodriguez,4.0,4.0,1,1,2,4,2,0,16,55
788104,2026-03-08,Pool D,D,Nicaragua,650356,Dilmer Mejia,0.1,0.3333333333333333,4,4,3,0,1,0,5,26
788104,2026-03-08,Pool D,D,Nicaragua,500724,JC Ramírez,0.2,0.6666666666666666,0,0,2,1,0,0,4,13
788104,2026-03-08,Pool D,D,Nicaragua,469191,Carlos Teller,1.0,1.0,0,0,1,2,1,0,5,24
788104,2026-03-08,Pool D,D,Nicaragua,830693,Kenword Burton,1.0,1.0,0,0,0,0,1,0,4,18
788104,2026-03-08,Pool D,D,Nicaragua,699325,Oscar Rayo,1.0,1.0,0,0,0,0,1,0,4,11
788104,2026-03-08,Pool D,D,Israel,665152,Dean Kremer,4.1,4.333333333333333,0,0,2,4,1,0,16,63
788104,2026-03-08,Pool D,D,Israel,695256,Josh Mallitz,1.2,1.6666666666666665,0,0,0,1,1,0,6,26
788104,2026-03-08,Pool D,D,Israel,621199,Matt Bowman,1.1,1.3333333333333333,0,0,0,1,0,0,4,16
788104,2026-03-08,Pool D,D,Israel,676661,Max Lazar,0.2,0.6666666666666666,0,0,0,0,0,0,2,6
788104,2026-03-08,Pool D,D,Israel,592454,Tommy Kahnle,1.0,1.0,0,0,0,1,0,0,3,7
788134,2026-03-08,Pool A,A,Panama,642545,Jaime Barria,3.2,3.6666666666666665,2,2,5,0,1,0,18,60
788134,2026-03-08,Pool A,A,Panama,686857,James Gonzalez,1.0,1.0,0,0,1,1,1,0,6,23
788134,2026-03-08,Pool A,A,Panama,800550,Miguel Cienfuegos,2.1,2.3333333333333335,0,0,0,3,0,0,7,25
788134,2026-03-08,Pool A,A,Panama,650668,Humberto Mejía,1.0,1.0,1,1,2,2,0,0,5,15
788134,2026-03-08,Pool A,A,Panama,642607,Dario Agrazal,1.0,1.0,0,0,1,2,0,0,4,18
788134,2026-03-08,Pool A,A,Canada,592791,Jameson Taillon,3.2,3.6666666666666665,1,1,2,3,2,0,14,58
788134,2026-03-08,Pool A,A,Canada,683328,Antoine Jean,1.1,1.3333333333333333,0,0,2,2,0,0,7,25
788134,2026-03-08,Pool A,A,Canada,572020,James Paxton,1.2,1.6666666666666665,0,3,4,2,1,0,11,49
788134,2026-03-08,Pool A,A,Canada,671936,Adam Macko,0.1,0.3333333333333333,0,0,1,1,0,0,2,10
788134,2026-03-08,Pool A,A,Canada,642239,Rob Zastryzny,1.0,1.0,0,0,2,0,0,0,4,14
788134,2026-03-08,Pool A,A,Canada,683363,Matt Wilkinson,0.2,0.6666666666666666,0,0,0,2,0,0,2,12
788134,2026-03-08,Pool A,A,Canada,663531,Logan Allen,0.1,0.3333333333333333,0,0,0,0,0,0,1,2
788125,2026-03-08,Pool B,B,Brazil,672078,Eric Pardinho,3.0,3.0,8,8,10,1,1,1,19,60
788125,2026-03-08,Pool B,B,Brazil,682858,Gabriel Barbosa,0.2,0.6666666666666666,3,3,2,1,1,1,5,22
788125,2026-03-08,Pool B,B,Brazil,806891,Joao Gabriel Marostica,1.2,1.6666666666666665,3,3,3,0,3,1,11,47
788125,2026-03-08,Pool B,B,Brazil,836637,Vitor Takahashi,0.1,0.3333333333333333,2,2,1,0,0,1,3,10
788125,2026-03-08,Pool B,B,Mexico,592836,Taijuan Walker,3.1,3.3333333333333335,0,0,0,3,2,0,12,64
788125,2026-03-08,Pool B,B,Mexico,641995,Roel Ramírez,1.2,1.6666666666666665,0,0,1,2,1,0,7,25
788125,2026-03-08,Pool B,B,Mexico,694401,Alexander Armenta,1.0,1.0,0,0,2,3,0,0,5,18
788112,2026-03-09,Pool C,C,Korea,838333,Ju Young Son,1.0,1.0,0,0,1,0,1,0,5,27
788112,2026-03-09,Pool C,C,Korea,628359,Kyung-Eun Noh,2.0,2.0,0,0,1,1,0,0,6,28
788112,2026-03-09,Pool C,C,Korea,808984,Hyeong Jun So,2.0,2.0,1,1,1,2,0,1,7,36
788112,2026-03-09,Pool C,C,Korea,823561,Yeong Hyun Park,1.0,1.0,0,0,0,1,0,0,3,10
788112,2026-03-09,Pool C,C,Korea,641540,Dane Dunning,1.0,1.0,0,0,1,1,1,0,4,14
788112,2026-03-09,Pool C,C,Korea,823559,Taek Yeon Kim,0.1,0.3333333333333333,1,1,1,0,1,0,3,11
788112,2026-03-09,Pool C,C,Korea,823568,Byeong Hyeon Jo,1.2,1.6666666666666665,0,0,0,2,2,0,7,33
788112,2026-03-09,Pool C,C,Australia,649143,Lachlan Wells,1.2,1.6666666666666665,2,2,2,0,2,1,9,33
788112,2026-03-09,Pool C,C,Australia,807650,Coen Wynne,0.1,0.3333333333333333,2,2,2,0,0,0,3,7
788112,2026-03-09,Pool C,C,Australia,666748,Mitch Neunborn,0.2,0.6666666666666666,0,0,1,2,0,0,3,12
788112,2026-03-09,Pool C,C,Australia,649144,Alex Wells,3.0,3.0,2,2,3,3,1,0,13,57
788112,2026-03-09,Pool C,C,Australia,672552,Jack O'Loughlin,3.1,3.3333333333333335,0,1,2,3,1,0,13,51
788103,2026-03-09,Pool D,D,Dominican Republic,678394,Brayan Bello,5.0,5.0,1,1,1,7,0,1,16,54
788103,2026-03-09,Pool D,D,Dominican Republic,642397,Gregory Soto,1.0,1.0,0,0,0,3,0,0,3,12
788103,2026-03-09,Pool D,D,Dominican Republic,608032,Carlos Estévez,1.0,1.0,0,0,1,1,1,0,5,19
788103,2026-03-09,Pool D,D,Dominican Republic,593974,Wandy Peralta,1.0,1.0,0,0,0,0,0,0,3,12
788103,2026-03-09,Pool D,D,Dominican Republic,622554,Seranthony Domínguez,1.0,1.0,0,0,0,2,0,0,3,11
788103,2026-03-09,Pool D,D,Israel,696492,Ryan Prager,1.2,1.6666666666666665,5,5,1,1,4,1,10,42
788103,2026-03-09,Pool D,D,Israel,592848,Zack Weiss,2.1,2.3333333333333335,1,1,2,2,1,1,8,42
788103,2026-03-09,Pool D,D,Israel,679946,Daniel Federman,2.0,2.0,0,0,0,1,1,0,6,27
788103,2026-03-09,Pool D,D,Israel,805374,Tanner Jacobson,1.1,1.3333333333333333,3,3,3,0,5,0,11,48
788103,2026-03-09,Pool D,D,Israel,670288,Jake Fishman,1.1,1.3333333333333333,1,1,1,0,0,0,6,15
788103,2026-03-09,Pool D,D,Israel,681671,Zack Leban,0.1,0.3333333333333333,0,0,0,0,0,0,1,1
788133,2026-03-09,Pool A,A,Colombia,622426,Adrian Almeida,4.0,4.0,0,0,0,3,0,0,13,59
788133,2026-03-09,Pool A,A,Colombia,666123,Austin Bergner,1.0,1.0,0,0,0,1,1,0,4,12
788133,2026-03-09,Pool A,A,Colombia,677013,Rio Gomez,0.2,0.6666666666666666,1,1,1,0,1,1,4,18
788133,2026-03-09,Pool A,A,Colombia,672550,Danis Correa,0.1,0.3333333333333333,0,0,0,1,0,0,1,7
788133,2026-03-09,Pool A,A,Colombia,664584,Jhon Romero,1.0,1.0,0,0,1,1,0,0,5,17
788133,2026-03-09,Pool A,A,Colombia,642857,Yapson Gomez,0.2,0.6666666666666666,1,1,1,1,0,0,3,12
788133,2026-03-09,Pool A,A,Colombia,670871,Guillo Zuñiga,0.0,0.0,1,1,3,0,0,0,3,7
788133,2026-03-09,Pool A,A,Colombia,690345,Pedro Garcia,1.1,1.3333333333333333,0,0,1,1,0,0,5,23
788133,2026-03-09,Pool A,A,Panama,502179,Paolo Espino,4.1,4.333333333333333,0,0,1,4,1,0,14,59
788133,2026-03-09,Pool A,A,Panama,683517,Jorge Garcia,0.2,0.6666666666666666,2,2,1,0,2,0,6,24
788133,2026-03-09,Pool A,A,Panama,685777,Miguel Gomez,0.1,0.3333333333333333,2,2,1,0,1,0,3,13
788133,2026-03-09,Pool A,A,Panama,665789,Kenny Hernandez,0.2,0.6666666666666666,0,0,1,1,0,0,3,10
788133,2026-03-09,Pool A,A,Panama,650668,Humberto Mejía,1.0,1.0,0,0,0,0,0,0,3,7
788133,2026-03-09,Pool A,A,Panama,701477,Erian Rodriguez,1.0,1.0,0,0,0,2,0,0,3,18
788133,2026-03-09,Pool A,A,Panama,593604,Alberto Baldonado,1.0,1.0,0,0,0,1,0,0,3,17
788123,2026-03-09,Pool B,B,Brazil,807344,Enzo Sawayama,4.0,4.0,0,0,2,3,1,0,15,65
788123,2026-03-09,Pool B,B,Brazil,547921,Tiago Da Silva,0.1,0.3333333333333333,3,3,3,0,1,1,5,23
788123,2026-03-09,Pool B,B,Brazil,622609,Hector Villarroel,1.1,1.3333333333333333,0,1,0,0,1,0,6,20
788123,2026-03-09,Pool B,B,Brazil,828631,Joseph Contreras,1.1,1.3333333333333333,2,2,2,2,3,0,8,38
788123,2026-03-09,Pool B,B,Brazil,649963,Bo Takahashi,1.0,1.0,2,2,1,1,3,0,6,25
788123,2026-03-09,Pool B,B,Great Britain,694341,Brendan Beck,4.0,4.0,0,0,0,4,2,0,14,53
788123,2026-03-09,Pool B,B,Great Britain,804541,Gary Gill Hill,2.0,2.0,1,1,1,2,0,0,8,23
788123,2026-03-09,Pool B,B,Great Britain,702465,Ryan Long,1.0,1.0,0,0,0,2,0,0,3,15
788123,2026-03-09,Pool B,B,Great Britain,695402,Najer Victor,1.0,1.0,0,0,0,2,1,0,4,14
788123,2026-03-09,Pool B,B,Great Britain,663941,Tristan Beck,1.0,1.0,0,0,0,1,0,0,3,7
788131,2026-03-09,Pool A,A,Cuba,678789,Julio Robaina,1.1,1.3333333333333333,3,3,4,1,1,0,9,34
788131,2026-03-09,Pool A,A,Cuba,673603,Luis Romero,0.2,0.6666666666666666,0,0,0,1,2,0,4,24
788131,2026-03-09,Pool A,A,Cuba,814300,Josimar Cousin,2.2,2.6666666666666665,1,1,1,4,0,0,9,40
788131,2026-03-09,Pool A,A,Cuba,820888,Emmanuel Chapman,1.1,1.3333333333333333,0,0,0,1,1,0,5,22
788131,2026-03-09,Pool A,A,Cuba,807176,Armando Duenas,1.0,1.0,0,0,1,0,1,0,5,13
788131,2026-03-09,Pool A,A,Cuba,683726,Pedro Santos,1.0,1.0,0,0,0,2,1,0,4,24
788131,2026-03-09,Pool A,A,Puerto Rico,695684,Elmer Rodríguez,3.0,3.0,0,0,1,3,3,0,12,50
788131,2026-03-09,Pool A,A,Puerto Rico,663558,Jovani Morán,2.0,2.0,0,0,0,0,1,0,7,35
788131,2026-03-09,Pool A,A,Puerto Rico,605441,Yacksel Ríos,2.0,2.0,0,1,1,3,1,0,9,26
788131,2026-03-09,Pool A,A,Puerto Rico,518585,Fernando Cruz,1.0,1.0,0,0,0,2,1,0,4,18
788131,2026-03-09,Pool A,A,Puerto Rico,621242,Edwin Díaz,1.0,1.0,0,0,0,2,0,0,3,12
788099,2026-03-09,Pool D,D,Venezuela,672782,Yoendrys Gómez,2.0,2.0,0,0,2,3,0,0,7,28
788099,2026-03-09,Pool D,D,Venezuela,672456,Keider Montero,3.0,3.0,0,0,3,2,0,0,11,39
788099,2026-03-09,Pool D,D,Venezuela,672582,Angel Zerpa,1.0,1.0,0,0,0,1,0,0,3,12
788099,2026-03-09,Pool D,D,Venezuela,664346,Carlos Guzman,0.2,0.6666666666666666,0,0,1,0,1,0,4,11
788099,2026-03-09,Pool D,D,Venezuela,682949,Christian Suarez,0.1,0.3333333333333333,0,0,0,0,0,0,1,2
788099,2026-03-09,Pool D,D,Venezuela,676130,José Buttó,1.0,1.0,0,0,0,0,0,0,3,8
788099,2026-03-09,Pool D,D,Venezuela,600921,Andrés Machado,1.0,1.0,0,0,1,3,0,0,4,15
788099,2026-03-09,Pool D,D,Nicaragua,807358,Danilo Bermudez,4.0,4.0,2,2,1,2,1,1,14,52
788099,2026-03-09,Pool D,D,Nicaragua,808986,Duque Hebbert,1.0,1.0,0,1,1,0,1,0,6,22
788099,2026-03-09,Pool D,D,Nicaragua,678897,Bryan Torres,1.0,1.0,0,1,1,0,0,0,5,20
788099,2026-03-09,Pool D,D,Nicaragua,691602,Stiven Cruz,2.0,2.0,0,0,2,3,0,0,7,18
788099,2026-03-09,Pool D,D,Nicaragua,469191,Carlos Teller,1.0,1.0,0,0,0,0,0,0,3,12
788122,2026-03-09,Pool B,B,Mexico,518435,Manny Barreda,2.0,2.0,0,0,2,1,3,0,10,44
788122,2026-03-09,Pool B,B,Mexico,672911,Jesus Cruz,0.1,0.3333333333333333,5,5,4,1,0,2,6,21
788122,2026-03-09,Pool B,B,Mexico,703725,Luis Gastelum,0.2,0.6666666666666666,0,0,0,1,0,0,2,11
788122,2026-03-09,Pool B,B,Mexico,692024,Alex Carrillo,1.0,1.0,0,0,1,2,1,0,5,23
788122,2026-03-09,Pool B,B,Mexico,696519,Samy Natera Jr.,1.0,1.0,0,0,0,1,1,0,4,19
788122,2026-03-09,Pool B,B,Mexico,650960,Daniel Duarte,1.0,1.0,0,0,0,1,1,0,4,15
788122,2026-03-09,Pool B,B,Mexico,622103,Gerardo Reyes,1.0,1.0,0,0,0,2,0,0,4,21
788122,2026-03-09,Pool B,B,Mexico,676395,Robert Garcia,1.0,1.0,0,0,1,1,1,0,5,18
788122,2026-03-09,Pool B,B,United States,694973,Paul Skenes,4.0,4.0,0,0,1,7,1,0,14,60
788122,2026-03-09,Pool B,B,United States,664076,Garrett Cleavinger,1.0,1.0,0,0,0,1,0,0,3,8
788122,2026-03-09,Pool B,B,United States,571510,Matthew Boyd,2.1,2.3333333333333335,3,3,5,3,0,2,13,56
788122,2026-03-09,Pool B,B,United States,643377,Griffin Jax,0.2,0.6666666666666666,0,0,0,0,0,0,1,6
788122,2026-03-09,Pool B,B,United States,676477,Garrett Whitlock,1.0,1.0,0,0,1,2,0,0,4,17
788111,2026-03-10,Pool C,C,Czechia,693974,Ondrej Satoria,4.2,4.666666666666667,0,0,6,3,0,0,19,67
788111,2026-03-10,Pool C,C,Czechia,807156,Michal Kovala,3.0,3.0,4,4,3,3,1,1,15,61
788111,2026-03-10,Pool C,C,Czechia,626416,Jan Novak,0.0,0.0,3,3,2,0,1,0,3,13
788111,2026-03-10,Pool C,C,Czechia,689650,Ryan Johnson,0.0,0.0,2,2,1,0,2,1,3,14
788111,2026-03-10,Pool C,C,Czechia,693972,Filip Capka,0.1,0.3333333333333333,0,0,0,0,0,0,1,1
788111,2026-03-10,Pool C,C,Japan,808964,Hiroto Takahashi,4.2,4.666666666666667,0,0,2,5,1,0,16,63
788111,2026-03-10,Pool C,C,Japan,808958,Hiroya Miyagi,1.1,1.3333333333333333,0,0,0,1,0,0,4,16
788111,2026-03-10,Pool C,C,Japan,838756,Yumeto Kanemaru,2.0,2.0,0,0,0,5,0,0,6,24
788111,2026-03-10,Pool C,C,Japan,838348,Koki Kitayama,1.0,1.0,0,0,0,3,0,0,3,14
788102,2026-03-10,Pool D,D,Israel,701557,Carlos Lequerica,1.0,1.0,2,2,1,0,1,0,6,23
788102,2026-03-10,Pool D,D,Israel,694660,Harrison Cohen,2.0,2.0,0,0,0,5,0,0,6,33
788102,2026-03-10,Pool D,D,Israel,810897,Charlie Beilenson,1.2,1.6666666666666665,0,0,0,0,2,0,7,31
788102,2026-03-10,Pool D,D,Israel,695256,Josh Mallitz,0.1,0.3333333333333333,0,0,0,0,0,0,1,3
788102,2026-03-10,Pool D,D,Israel,621199,Matt Bowman,1.2,1.6666666666666665,0,0,1,0,1,0,6,28
788102,2026-03-10,Pool D,D,Israel,681671,Zack Leban,0.1,0.3333333333333333,0,0,0,1,0,0,1,4
788102,2026-03-10,Pool D,D,Israel,592454,Tommy Kahnle,1.0,1.0,0,0,1,1,1,0,5,16
788102,2026-03-10,Pool D,D,Israel,815084,Ben Simon,1.0,1.0,0,0,0,3,3,0,6,32
788102,2026-03-10,Pool D,D,Kingdom of the Netherlands,820853,Ryjeteri Merite,1.2,1.6666666666666665,1,1,1,1,1,0,7,37
788102,2026-03-10,Pool D,D,Kingdom of the Netherlands,463017,Shairon Martis,3.1,3.3333333333333335,0,0,1,2,0,0,11,41
788102,2026-03-10,Pool D,D,Kingdom of the Netherlands,808721,Kevin Kelly,0.2,0.6666666666666666,1,5,3,0,1,0,7,22
788102,2026-03-10,Pool D,D,Kingdom of the Netherlands,609044,Lars Huijer,1.1,1.3333333333333333,0,0,1,2,0,0,5,18
788102,2026-03-10,Pool D,D,Kingdom of the Netherlands,663723,Derek West,2.0,2.0,0,0,2,0,0,0,8,26
788132,2026-03-10,Pool A,A,Canada,666364,Jordan Balazovic,3.0,3.0,1,1,1,4,3,0,11,47
788132,2026-03-10,Pool A,A,Canada,663531,Logan Allen,3.0,3.0,1,1,4,2,0,0,13,43
788132,2026-03-10,Pool A,A,Canada,621245,Brock Dykxhoorn,3.0,3.0,0,0,0,1,0,0,9,33
788132,2026-03-10,Pool A,A,Puerto Rico,592254,José De León,2.2,2.6666666666666665,2,2,2,2,0,0,11,42
788132,2026-03-10,Pool A,A,Puerto Rico,670329,Rico Garcia,0.1,0.3333333333333333,0,0,0,0,2,0,3,17
788132,2026-03-10,Pool A,A,Puerto Rico,670103,Raymond Burgos,2.1,2.3333333333333335,1,1,2,3,0,0,8,38
788132,2026-03-10,Pool A,A,Puerto Rico,664744,Jose Espada,0.2,0.6666666666666666,0,0,0,1,2,0,4,17
788132,2026-03-10,Pool A,A,Puerto Rico,687879,Luis Quiñones,2.0,2.0,0,0,0,2,0,0,6,24
788132,2026-03-10,Pool A,A,Puerto Rico,703106,Ricardo Velez,0.1,0.3333333333333333,0,0,1,0,0,0,3,7
788132,2026-03-10,Pool A,A,Puerto Rico,681938,Angel Reyes,0.2,0.6666666666666666,0,0,0,1,0,0,3,11
788119,2026-03-10,Pool B,B,Italy,547179,Michael Lorenzen,4.2,4.666666666666667,0,0,2,2,1,0,17,67
788119,2026-03-10,Pool B,B,Italy,656186,Dan Altavilla,1.0,1.0,1,1,1,2,0,1,4,19
788119,2026-03-10,Pool B,B,Italy,686747,Joe La Sorsa,1.0,1.0,1,1,1,1,0,0,4,19
788119,2026-03-10,Pool B,B,Italy,689690,Alek Jacob,0.1,0.3333333333333333,2,2,2,0,0,1,3,11
788119,2026-03-10,Pool B,B,Italy,670036,Matt Festa,0.2,0.6666666666666666,1,1,3,1,0,0,5,17
788119,2026-03-10,Pool B,B,Italy,676760,Ron Marinaccio,0.2,0.6666666666666666,1,1,1,0,0,1,3,16
788119,2026-03-10,Pool B,B,Italy,669711,Greg Weissert,0.2,0.6666666666666666,0,0,1,2,0,0,3,12
788119,2026-03-10,Pool B,B,United States,690997,Nolan McLean,3.0,3.0,3,3,2,4,2,2,14,55
788119,2026-03-10,Pool B,B,United States,642232,Ryan Yarbrough,2.1,2.3333333333333335,2,3,2,2,1,1,10,43
788119,2026-03-10,Pool B,B,United States,641745,Brad Keller,0.2,0.6666666666666666,0,2,0,1,1,0,4,17
788119,2026-03-10,Pool B,B,United States,642100,Gabe Speier,1.0,1.0,0,0,0,0,0,0,3,12
788119,2026-03-10,Pool B,B,United States,670280,David Bednar,1.0,1.0,0,0,2,2,0,0,6,24
788119,2026-03-10,Pool B,B,United States,695243,Mason Miller,1.0,1.0,0,0,0,2,0,0,3,10
788130,2026-03-11,Pool A,A,Canada,615698,Cal Quantrill,5.0,5.0,0,1,2,5,1,0,17,67
788130,2026-03-11,Pool A,A,Canada,666301,Indigo Diaz,0.2,0.6666666666666666,1,1,2,1,1,0,5,19
788130,2026-03-11,Pool A,A,Canada,671936,Adam Macko,0.1,0.3333333333333333,0,0,0,1,1,0,2,7
788130,2026-03-11,Pool A,A,Canada,572020,James Paxton,2.2,2.6666666666666665,0,0,1,6,1,0,10,49
788130,2026-03-11,Pool A,A,Canada,672021,Eric Cerantola,0.1,0.3333333333333333,0,0,0,0,0,0,1,1
788130,2026-03-11,Pool A,A,Cuba,661267,Livan Moinelo,3.2,3.6666666666666665,0,1,4,4,3,0,18,63
788130,2026-03-11,Pool A,A,Cuba,684320,Yariel Rodríguez,1.2,1.6666666666666665,1,4,3,4,0,1,10,44
788130,2026-03-11,Pool A,A,Cuba,628345,Darien Núñez,1.2,1.6666666666666665,0,0,0,2,1,0,6,29
788130,2026-03-11,Pool A,A,Cuba,661255,Yoan López,1.0,1.0,1,1,2,0,1,0,5,15
788130,2026-03-11,Pool A,A,Cuba,673510,Raidel Martinez,1.0,1.0,1,1,2,0,0,0,4,14
788121,2026-03-11,Pool B,B,Italy,605400,Aaron Nola,5.0,5.0,0,0,4,5,1,0,17,69
788121,2026-03-11,Pool B,B,Italy,700669,Gordon Graceffo,1.0,1.0,1,1,1,1,2,0,7,29
788121,2026-03-11,Pool B,B,Italy,668144,Claudio Scotti,0.2,0.6666666666666666,0,0,0,0,1,0,3,12
788121,2026-03-11,Pool B,B,Italy,686747,Joe La Sorsa,0.1,0.3333333333333333,0,0,0,1,0,0,1,4
788121,2026-03-11,Pool B,B,Italy,493603,Adam Ottavino,0.2,0.6666666666666666,0,0,0,2,2,0,5,24
788121,2026-03-11,Pool B,B,Italy,838341,Gabriele Quattrini,1.1,1.3333333333333333,0,0,0,0,0,0,5,17
788121,2026-03-11,Pool B,B,Mexico,665871,Javier Assad,4.1,4.333333333333333,4,4,4,5,2,2,17,60
788121,2026-03-11,Pool B,B,Mexico,657514,Brennan Bernardino,0.2,0.6666666666666666,1,1,1,0,1,0,4,16
788121,2026-03-11,Pool B,B,Mexico,650960,Daniel Duarte,1.0,1.0,1,1,1,1,0,1,4,17
788121,2026-03-11,Pool B,B,Mexico,680767,Victor Vodnik,1.0,1.0,0,1,1,0,0,0,5,22
788121,2026-03-11,Pool B,B,Mexico,676395,Robert Garcia,0.1,0.3333333333333333,2,2,3,1,0,1,4,17
788121,2026-03-11,Pool B,B,Mexico,641995,Roel Ramírez,0.2,0.6666666666666666,0,0,0,1,0,0,2,8
788121,2026-03-11,Pool B,B,Mexico,662253,Andrés Muñoz,1.0,1.0,0,0,0,0,2,0,5,21
788101,2026-03-11,Pool D,D,Dominican Republic,645261,Sandy Alcantara,3.0,3.0,3,3,5,3,2,0,15,44
788101,2026-03-11,Pool D,D,Dominican Republic,623211,Huascar Brazobán,1.0,1.0,0,0,0,3,1,0,4,20
788101,2026-03-11,Pool D,D,Dominican Republic,675848,Juan Mejia,1.0,1.0,0,0,1,0,0,0,4,18
788101,2026-03-11,Pool D,D,Dominican Republic,622554,Seranthony Domínguez,1.0,1.0,0,0,0,0,1,0,4,17
788101,2026-03-11,Pool D,D,Dominican Republic,642701,Dennis Santana,1.0,1.0,0,0,1,0,1,0,5,14
788101,2026-03-11,Pool D,D,Dominican Republic,666808,Camilo Doval,1.0,1.0,0,0,0,1,0,0,3,12
788101,2026-03-11,Pool D,D,Dominican Republic,682842,Abner Uribe,0.0,0.0,1,2,0,0,3,0,3,18
788101,2026-03-11,Pool D,D,Dominican Republic,665660,Elvis Alvarado,1.0,1.0,0,0,0,0,0,0,3,8
788101,2026-03-11,Pool D,D,Venezuela,593958,Eduardo Rodriguez,2.2,2.6666666666666665,3,3,3,5,1,2,12,53
788101,2026-03-11,Pool D,D,Venezuela,660825,Eduard Bazardo,0.1,0.3333333333333333,1,1,1,0,0,1,2,6
788101,2026-03-11,Pool D,D,Venezuela,622608,Antonio Senzatela,1.0,1.0,3,3,2,1,1,1,6,22
788101,2026-03-11,Pool D,D,Venezuela,676130,José Buttó,1.0,1.0,0,0,0,0,0,0,3,9
788101,2026-03-11,Pool D,D,Venezuela,600921,Andrés Machado,1.0,1.0,0,0,1,0,0,0,4,12
788101,2026-03-11,Pool D,D,Venezuela,672582,Angel Zerpa,1.0,1.0,0,0,2,2,0,0,5,20
788101,2026-03-11,Pool D,D,Venezuela,694037,Daniel Palencia,1.0,1.0,0,0,0,1,1,0,4,17
788101,2026-03-11,Pool D,D,Venezuela,683627,Anthony Molina,1.0,1.0,0,0,2,1,1,0,5,16
788095,2026-03-13,Quarterfinal,,Korea,547943,Hyun Jin Ryu,1.2,1.6666666666666665,3,3,3,1,2,0,10,40
788095,2026-03-13,Quarterfinal,,Korea,628359,Kyung-Eun Noh,0.1,0.3333333333333333,2,2,2,1,0,0,3,10
788095,2026-03-13,Quarterfinal,,Korea,823561,Yeong Hyun Park,0.1,0.3333333333333333,2,2,2,1,0,0,3,10
788095,2026-03-13,Quarterfinal,,Korea,808971,Been Gwak,0.1,0.3333333333333333,0,0,0,1,3,0,4,22
788095,2026-03-13,Quarterfinal,,Korea,641540,Dane Dunning,0.1,0.3333333333333333,0,0,0,0,0,0,1,7
788095,2026-03-13,Quarterfinal,,Korea,808978,Young Pyo Ko,1.0,1.0,0,0,0,1,0,0,3,12
788095,2026-03-13,Quarterfinal,,Korea,823568,Byeong Hyeon Jo,1.0,1.0,0,0,0,0,0,0,3,10
788095,2026-03-13,Quarterfinal,,Korea,808970,Woo-Suk Go,1.0,1.0,0,0,0,0,0,0,3,12
788095,2026-03-13,Quarterfinal,,Korea,808984,Hyeong Jun So,0.2,0.6666666666666666,3,3,2,1,1,1,5,18
788095,2026-03-13,Quarterfinal,,Dominican Republic,650911,Cristopher Sánchez,5.0,5.0,0,0,2,8,1,0,17,63
788095,2026-03-13,Quarterfinal,,Dominican Republic,656061,Albert Abreu,2.0,2.0,0,0,0,3,0,0,6,24
788100,2026-03-13,Quarterfinal,,United States,657277,Logan Webb,4.2,4.666666666666667,0,0,4,5,1,0,19,71
788100,2026-03-13,Quarterfinal,,United States,641745,Brad Keller,1.0,1.0,2,2,1,0,1,0,5,19
788100,2026-03-13,Quarterfinal,,United States,642100,Gabe Speier,0.1,0.3333333333333333,1,1,1,0,0,1,2,14
788100,2026-03-13,Quarterfinal,,United States,670280,David Bednar,1.0,1.0,0,0,2,2,0,0,5,26
788100,2026-03-13,Quarterfinal,,United States,676477,Garrett Whitlock,1.0,1.0,0,0,0,1,0,0,3,10
788100,2026-03-13,Quarterfinal,,United States,695243,Mason Miller,1.0,1.0,0,0,0,3,0,0,3,18
788100,2026-03-13,Quarterfinal,,Canada,647336,Michael Soroka,2.2,2.6666666666666665,2,3,4,1,2,0,14,58
788100,2026-03-13,Quarterfinal,,Canada,809840,Micah Ashman,2.1,2.3333333333333335,0,0,1,2,0,0,8,28
788100,2026-03-13,Quarterfinal,,Canada,518418,Phillippe Aumont,0.1,0.3333333333333333,2,2,1,0,1,0,3,17
788100,2026-03-13,Quarterfinal,,Canada,671936,Adam Macko,1.2,1.6666666666666665,0,0,2,2,0,0,6,22
788100,2026-03-13,Quarterfinal,,Canada,683363,Matt Wilkinson,2.0,2.0,0,0,0,2,2,0,7,33
788098,2026-03-14,Quarterfinal,,Puerto Rico,607625,Seth Lugo,0.1,0.3333333333333333,4,4,3,1,2,0,6,25
788098,2026-03-14,Quarterfinal,,Puerto Rico,663558,Jovani Morán,1.0,1.0,0,0,2,2,1,0,6,24
788098,2026-03-14,Quarterfinal,,Puerto Rico,700842,Eduardo Rivera,2.1,2.3333333333333335,2,2,1,4,3,0,11,52
788098,2026-03-14,Quarterfinal,,Puerto Rico,687879,Luis Quiñones,0.0,0.0,2,2,2,0,1,0,3,14
788098,2026-03-14,Quarterfinal,,Puerto Rico,518585,Fernando Cruz,1.1,1.3333333333333333,0,0,0,2,0,0,4,16
788098,2026-03-14,Quarterfinal,,Puerto Rico,670103,Raymond Burgos,1.1,1.3333333333333333,0,0,0,1,0,0,4,16
788098,2026-03-14,Quarterfinal,,Puerto Rico,605441,Yacksel Ríos,0.2,0.6666666666666666,0,0,0,1,0,0,2,8
788098,2026-03-14,Quarterfinal,,Puerto Rico,621242,Edwin Díaz,1.0,1.0,0,0,0,2,1,0,5,22
788098,2026-03-14,Quarterfinal,,Italy,691951,Sam Aldegheri,1.1,1.3333333333333333,2,2,1,1,2,1,8,30
788098,2026-03-14,Quarterfinal,,Italy,689690,Alek Jacob,0.2,0.6666666666666666,0,0,0,1,0,0,3,9
788098,2026-03-14,Quarterfinal,,Italy,690626,Dylan DeLucia,4.0,4.0,0,0,2,3,0,0,14,58
788098,2026-03-14,Quarterfinal,,Italy,656186,Dan Altavilla,1.0,1.0,0,0,0,2,1,0,5,26
788098,2026-03-14,Quarterfinal,,Italy,670036,Matt Festa,0.0,0.0,3,3,1,0,2,0,3,17
788098,2026-03-14,Quarterfinal,,Italy,686747,Joe La Sorsa,0.1,0.3333333333333333,1,1,1,0,0,0,3,8
788098,2026-03-14,Quarterfinal,,Italy,669711,Greg Weissert,1.2,1.6666666666666665,0,0,2,2,0,0,7,28
788097,2026-03-14,Quarterfinal,,Venezuela,624133,Ranger Suarez,2.2,2.6666666666666665,5,5,3,4,3,2,13,51
788097,2026-03-14,Quarterfinal,,Venezuela,660825,Eduard Bazardo,0.1,0.3333333333333333,0,0,1,0,0,0,2,7
788097,2026-03-14,Quarterfinal,,Venezuela,646241,Enmanuel De Jesus,2.1,2.3333333333333335,0,0,1,3,1,0,9,42
788097,2026-03-14,Quarterfinal,,Venezuela,676130,José Buttó,0.2,0.6666666666666666,0,0,0,0,0,0,2,10
788097,2026-03-14,Quarterfinal,,Venezuela,672582,Angel Zerpa,1.0,1.0,0,0,0,2,0,0,3,12
788097,2026-03-14,Quarterfinal,,Venezuela,600921,Andrés Machado,1.0,1.0,0,0,2,1,0,0,5,14
788097,2026-03-14,Quarterfinal,,Venezuela,694037,Daniel Palencia,1.0,1.0,0,0,0,2,0,0,3,13
788097,2026-03-14,Quarterfinal,,Japan,808967,Yoshinobu Yamamoto,4.0,4.0,2,2,4,5,1,1,17,69
788097,2026-03-14,Quarterfinal,,Japan,838757,Chihiro Sumida,0.2,0.6666666666666666,2,2,1,2,1,1,4,23
788097,2026-03-14,Quarterfinal,,Japan,838755,Shoma Fujihira,0.1,0.3333333333333333,0,0,0,0,0,0,1,8
788097,2026-03-14,Quarterfinal,,Japan,808955,Hiromi Itoh,1.0,1.0,3,3,3,1,0,1,6,19
788097,2026-03-14,Quarterfinal,,Japan,684001,Atsuki Taneichi,2.0,2.0,1,1,1,2,0,0,7,34
788097,2026-03-14,Quarterfinal,,Japan,579328,Yusei Kikuchi,1.0,1.0,0,0,1,1,0,0,4,12
788096,2026-03-15,Semifinal,,United States,694973,Paul Skenes,4.1,4.333333333333333,1,1,6,2,0,1,20,71
788096,2026-03-15,Semifinal,,United States,643511,Tyler Rogers,0.2,0.6666666666666666,0,0,0,0,0,0,1,2
788096,2026-03-15,Semifinal,,United States,643377,Griffin Jax,1.0,1.0,0,0,0,0,0,0,3,7
788096,2026-03-15,Semifinal,,United States,670280,David Bednar,1.0,1.0,0,0,2,2,0,0,5,18
788096,2026-03-15,Semifinal,,United States,676477,Garrett Whitlock,1.0,1.0,0,0,0,2,0,0,3,16
788096,2026-03-15,Semifinal,,United States,695243,Mason Miller,1.0,1.0,0,0,0,2,1,0,4,22
788096,2026-03-15,Semifinal,,Dominican Republic,622663,Luis Severino,3.1,3.3333333333333335,1,1,5,6,0,1,15,68
788096,2026-03-15,Semifinal,,Dominican Republic,642397,Gregory Soto,0.1,0.3333333333333333,1,1,1,1,0,1,3,15
788096,2026-03-15,Semifinal,,Dominican Republic,675848,Juan Mejia,1.0,1.0,0,0,1,1,0,0,4,13
788096,2026-03-15,Semifinal,,Dominican Republic,623211,Huascar Brazobán,1.1,1.3333333333333333,0,0,0,3,0,0,4,14
788096,2026-03-15,Semifinal,,Dominican Republic,682842,Abner Uribe,1.0,1.0,0,0,0,1,0,0,3,9
788096,2026-03-15,Semifinal,,Dominican Republic,622554,Seranthony Domínguez,1.0,1.0,0,0,0,1,1,0,3,14
788096,2026-03-15,Semifinal,,Dominican Republic,666808,Camilo Doval,1.0,1.0,0,0,0,2,0,0,3,15
788093,2026-03-16,Semifinal,,Venezuela,672456,Keider Montero,1.1,1.3333333333333333,2,2,2,1,3,0,8,34
788093,2026-03-16,Semifinal,,Venezuela,645307,Ricardo Sánchez,1.2,1.6666666666666665,0,0,0,0,1,0,6,23
788093,2026-03-16,Semifinal,,Venezuela,679883,Luinder Avila,2.1,2.3333333333333335,0,0,2,1,0,0,10,32
788093,2026-03-16,Semifinal,,Venezuela,672582,Angel Zerpa,0.2,0.6666666666666666,0,0,1,2,1,0,4,13
788093,2026-03-16,Semifinal,,Venezuela,660825,Eduard Bazardo,1.0,1.0,0,0,0,1,0,0,3,9
788093,2026-03-16,Semifinal,,Venezuela,600921,Andrés Machado,1.0,1.0,0,0,0,2,0,0,3,9
788093,2026-03-16,Semifinal,,Venezuela,694037,Daniel Palencia,1.0,1.0,0,0,0,2,0,0,3,15
788093,2026-03-16,Semifinal,,Italy,605400,Aaron Nola,4.0,4.0,1,1,4,3,1,1,16,59
788093,2026-03-16,Semifinal,,Italy,547179,Michael Lorenzen,2.2,2.6666666666666665,3,3,4,2,2,0,14,46
788093,2026-03-16,Semifinal,,Italy,693312,Kyle Nicolas,1.1,1.3333333333333333,0,0,0,2,0,0,4,13
788093,2026-03-16,Semifinal,,Italy,676760,Ron Marinaccio,1.0,1.0,0,0,0,1,0,0,3,8
788094,2026-03-17,Final,,Venezuela,593958,Eduardo Rodriguez,4.1,4.333333333333333,0,0,1,4,1,0,15,57
788094,2026-03-17,Final,,Venezuela,660825,Eduard Bazardo,0.2,0.6666666666666666,0,0,0,1,0,0,2,12
788094,2026-03-17,Final,,Venezuela,676130,José Buttó,1.0,1.0,0,0,1,0,0,0,4,17
788094,2026-03-17,Final,,Venezuela,672582,Angel Zerpa,0.2,0.6666666666666666,0,0,0,1,1,0,3,15
788094,2026-03-17,Final,,Venezuela,600921,Andrés Machado,1.1,1.3333333333333333,2,2,1,2,1,1,6,18
788094,2026-03-17,Final,,Venezuela,694037,Daniel Palencia,1.0,1.0,0,0,0,2,0,0,3,11
788094,2026-03-17,Final,,United States,690997,Nolan McLean,4.2,4.666666666666667,2,2,4,4,1,1,18,63
788094,2026-03-17,Final,,United States,641745,Brad Keller,1.1,1.3333333333333333,0,0,0,1,0,0,4,9
788094,2026-03-17,Final,,United States,676684,Will Vest,1.0,1.0,0,0,1,1,0,0,4,15
788094,2026-03-17,Final,,United States,643377,Griffin Jax,1.0,1.0,0,0,0,1,0,0,3,8
788094,2026-03-17,Final,,United States,676477,Garrett Whitlock,0.1,0.3333333333333333,1,1,1,0,1,0,3,20
788094,2026-03-17,Final,,United States,643511,Tyler Rogers,0.2,0.6666666666666666,0,0,0,0,1,0,3,5
