選手ID,選手名,WBCチーム,ポジション,背番号,生年月日,年齢,身長（cm）,体重（kg）,打席,投球腕,出身国,MLBチーム,MLB初出場年,MLB経験年数
624407,Tzu-Wei Lin,Chinese Taipei,2B,15,1994-02-15,32,175,82,L,R,Taiwan,Long Island Ducks,2017,9
839138,Cheng-Yu Chang,Chinese Taipei,PH,9,2000-06-08,25,178,70,L,R,Taiwan,,,
808993,Chieh-Hsien Chen,Chinese Taipei,RF,24,1994-01-07,32,173,78,L,R,Taiwan,,,
809004,Jyun-Yue Tseng,Chinese Taipei,P,60,2001-11-07,24,173,68,R,R,Taiwan,,,
808992,Chen-Wei Chen,Chinese Taipei,LF,98,1997-12-12,28,180,72,L,R,Taiwan,,,
666020,Kai-Wei Lin,Chinese Taipei,P,0,1996-03-19,30,178,79,R,R,Taiwan,Long Island Ducks,,
809223,Tzu-Chen Sha,Chinese Taipei,P,92,2003-10-15,22,188,75,R,R,Taiwan,Lansing Lugnuts,,
830723,Cheng-Hui Sung,Chinese Taipei,RF,88,2002-08-14,23,183,78,R,R,Taiwan,,,
644374,Yu Chang,Chinese Taipei,3B,18,1995-08-18,30,185,95,R,R,Taiwan,Durham Bulls,2019,7
644375,Kungkuan Giljegiljaw,Chinese Taipei,PH,4,1994-03-13,32,180,100,R,R,Taiwan,Columbus Clippers,,
830716,Ruei-Yang Gu Lin,Chinese Taipei,P,11,2000-06-12,25,185,81,R,R,Taiwan,,,
830717,Jo-Hsi Hsu,Chinese Taipei,P,00,2000-11-01,25,175,76,R,R,Taiwan,,,
629496,Chih-Wei Hu,Chinese Taipei,P,58,1993-11-04,32,183,110,R,R,Taiwan,El Paso Chihuahuas,2017,9
827734,Wei-En Lin,Chinese Taipei,P,42,2005-11-04,20,188,81,L,L,Taiwan,Midland RockHounds,,
675085,Jonathon Long,Chinese Taipei,1B,22,2002-01-20,24,183,95,R,R,USA,Iowa Cubs,,
838362,Jun-Wei Zhang,Chinese Taipei,P,37,2005-11-14,20,178,82,R,R,Taiwan,,,
808997,Kun-Yu Chiang,Chinese Taipei,SS,90,2000-07-04,25,173,72,R,R,Taiwan,,,
838361,Shih-Hsiang Lin,Chinese Taipei,P,12,2001-07-31,24,180,83,L,R,Taiwan,,,
670076,Lyle Lin,Chinese Taipei,C,27,1997-06-26,28,183,91,R,R,Taiwan,Midland RockHounds,,
809006,Nien-Ting Wu,Chinese Taipei,1B,39,1993-06-07,32,178,75,L,R,Taiwan,,,
800018,Chen Zhong-Ao Zhuang,Chinese Taipei,P,48,2000-08-25,25,185,90,R,R,Taiwan,Las Vegas Aviators,,
838360,An-Ko Lin,Chinese Taipei,DH,77,1997-05-19,28,183,90,L,L,Taiwan,,,
838359,Yi Chang,Chinese Taipei,P,19,1994-02-26,32,183,84,R,R,Taiwan,,,
696040,Po-Yu Chen,Chinese Taipei,P,44,2001-10-02,24,185,91,L,R,Taiwan,Altoona Curve,,
691907,Tsung-Che Cheng,Chinese Taipei,SS,1,2001-07-26,24,173,82,L,R,Taiwan,Worcester Red Sox,2025,1
830725,Shao-Hung Chiang,Chinese Taipei,C,63,1997-07-13,28,180,100,R,R,Taiwan,,,
611563,Kuan-Yu Chen,Chinese Taipei,P,20,1990-10-29,35,175,85,L,L,Taiwan,,,
692059,Hao-Chun Cheng,Chinese Taipei,P,47,1997-09-17,28,190,93,R,R,Taiwan,ACL Dodgers,,
656413,Stuart Fairchild,Chinese Taipei,CF,17,1996-03-17,30,180,93,R,R,USA,Columbus Clippers,2021,5
801179,Yu-Min Lin,Chinese Taipei,P,45,2003-07-12,22,180,73,L,L,Taiwan,Reno Aces,,
806844,Yi-Lei Sun,Chinese Taipei,P,96,2005-02-10,21,183,82,L,R,Taiwan,International Team (18U),,
564434,Robbie Perkins,Australia,C,9,1994-05-29,31,190,90,R,R,Australia,Brisbane Bandits,,
626943,Jon Kennedy,Australia,P,55,1994-09-20,31,203,111,L,L,Australia,Brisbane Bandits,,
816332,Kieren Hall,Australia,P,46,2001-05-10,24,183,88,R,R,Australia,Perth Heat,,
627697,Sam Holland,Australia,P,40,1994-02-20,32,193,91,R,R,Australia,Brisbane Bandits,,
649143,Lachlan Wells,Australia,P,19,1997-02-27,29,185,84,L,L,Australia,Adelaide Giants,,
649144,Alex Wells,Australia,P,8,1997-02-27,29,185,88,L,L,Australia,Sydney Blue Sox,2021,5
573667,Todd Van Steensel,Australia,P,21,1991-01-14,35,185,104,R,R,Australia,Adelaide Giants,,
470491,Tim Kennelly,Australia,RF,23,1986-12-05,39,183,82,R,R,Australia,Perth Heat,,
681973,Josh Hendrickson,Australia,P,44,1997-09-18,28,193,98,L,L,Australia,Adelaide Giants,,
683953,Travis Bazzana,Australia,2B,64,2002-08-28,23,180,90,L,R,Australia,Columbus Clippers,,
828589,Max Durrington,Australia,OF,36,2007-02-13,19,175,75,L,R,Australia,Stockton Ports,,
692707,Cooper Morgan,Australia,P,65,2001-11-08,24,0,,L,L,Australia,Adelaide Giants,,
673064,Alex Hall,Australia,DH,10,1999-06-08,26,178,93,S,R,Australia,Perth Heat,,
666838,George Callil,Australia,SS,28,1997-07-22,28,193,91,R,R,Australia,Brisbane Bandits,,
673062,Jarryd Dale,Australia,SS,43,2000-09-11,25,188,91,R,R,Australia,Melbourne Aces,,
674671,Robbie Glendinning,Australia,3B,6,1995-10-06,30,183,89,R,R,Australia,Adelaide Giants,,
599683,Warwick Saupold,Australia,P,30,1990-01-16,36,188,101,R,R,Australia,Perth Heat,2016,10
672531,Ulrich Bojarski,Australia,RF,25,1998-09-15,27,190,100,R,R,South Africa,Perth Heat,,
678554,Curtis Mead,Australia,3B,16,2000-10-26,25,185,102,R,R,Australia,Washington Nationals,2023,3
672552,Jack O'Loughlin,Australia,P,37,2000-03-14,26,196,101,L,L,Australia,Adelaide Giants,2024,2
678534,Rixon Wingrove,Australia,1B,52,2000-05-23,25,193,118,L,R,Australia,Brisbane Bandits,,
807650,Coen Wynne,Australia,P,38,1999-01-25,27,193,86,R,R,Australia,Sydney Blue Sox,,
623921,Logan Wade,Australia,2B,4,1991-11-13,34,185,86,S,R,Australia,Brisbane Bandits,,
628015,Connor MacDonald,Australia,P,39,1996-02-27,30,196,91,R,R,Australia,Brisbane Bandits,,
664334,Aaron Whitefield,Australia,CF,2,1996-09-02,29,193,95,R,R,Australia,Melbourne Aces,2020,6
666748,Mitch Neunborn,Australia,P,22,1997-06-27,28,183,86,R,R,South Africa,Reading Fightin Phils,,
673134,Mitchell Edwards,Australia,C,1,1999-08-01,26,180,91,S,R,Australia,Adelaide Giants,,
673132,Ky Hampton,Australia,P,26,2000-10-04,25,185,70,R,R,Australia,Adelaide Giants,,
678521,Chris Burke,Australia,LF,34,2001-08-16,24,178,82,L,R,Australia,Melbourne Aces,,
678620,Blake Townsend,Australia,P,54,2001-04-05,24,193,111,L,L,Australia,Frisco RoughRiders,,
807163,Marek Krejcirik,Czechia,PR,97,2001-06-27,24,175,75,L,R,Czechia,,,
838347,Ondrej Vank,Czechia,P,23,2005-04-25,20,185,87,R,R,Czechia,,,
693980,Martin Zelenka,Czechia,C,38,2000-12-20,25,190,111,R,R,Czechia,,,
831793,Filip Kollmann,Czechia,P,26,2005-06-22,20,185,66,L,R,Czechia,,,
687781,Vojtech Mensik,Czechia,2B,77,1998-05-24,27,183,83,R,R,Czechia,Inland Empire 66ers,,
838345,Tomas Ondra,Czechia,P,57,1996-03-20,30,193,90,L,R,Czechia,,,
608042,Marek Minarik,Czechia,P,15,1993-06-28,32,203,106,R,R,Czechia,Bristol Pirates,,
626423,Martin Schneider,Czechia,P,13,1986-03-04,40,188,85,R,R,Czechoslovakia,,,
807160,Milan Prokop,Czechia,DH,56,2003-02-12,23,183,88,R,R,Czechia,,,
831799,Michal Sindelka,Czechia,OF,11,2005-11-04,20,188,98,R,R,Czechia,,,
548431,Martin Cervenka,Czechia,C,55,1992-08-03,33,193,102,R,R,Czechoslovakia,Toros del Este,,
807828,Boris Vecerka,Czechia,P,54,2003-08-22,22,190,93,R,R,Czechia,Visalia Rawhide,,
679925,William Escala,Czechia,LF,5,1998-12-11,27,180,82,S,R,USA,,,
808951,Jeff Barto,Czechia,P,19,1989-09-15,36,183,86,L,L,USA,,,
693978,Lukas Hlouch,Czechia,P,88,2000-12-12,25,193,98,R,R,Czechia,,,
693975,Martin Cervinka,Czechia,3B,78,1997-03-03,29,193,88,R,R,Czechia,,,
693973,Martin Muzik,Czechia,1B,49,1996-04-23,29,180,90,R,R,Czechia,,,
693974,Ondrej Satoria,Czechia,P,35,1997-02-26,29,175,76,R,R,Czechia,,,
693972,Filip Capka,Czechia,P,14,1998-11-04,27,188,92,R,R,Czechia,,,
807156,Michal Kovala,Czechia,P,3,2003-12-28,22,183,83,L,R,Czechia,,,
807155,Lukas Ercoli,Czechia,P,63,1996-04-17,29,190,91,R,L,Czechia,,,
689650,Ryan Johnson,Czechia,PH,30,1992-09-29,33,196,102,L,L,Canada,,,
626416,Jan Novak,Czechia,P,18,1994-01-19,32,188,87,R,L,Czechia,GCL Orioles,,
667766,Tomas Duffek,Czechia,P,7,1989-09-12,36,185,82,R,L,Czechoslovakia,,,
828317,Matous Bubenik,Czechia,PH,21,2005-10-28,20,190,102,R,R,Czechia,,,
679631,Terrin Vavra,Czechia,SS,6,1997-05-12,28,180,84,L,R,USA,Norfolk Tides,2022,4
804607,Daniel Padysak,Czechia,P,42,2000-07-02,25,196,104,R,R,Czechia,,,
838351,Max Prejda,Czechia,RF,2,2007-06-06,18,183,79,L,R,Czechia,,,
803013,Marek Chlup,Czechia,CF,73,1999-01-09,27,193,100,R,R,Czechia,,,
837160,Jan Pospisil,Czechia,PH,27,2003-10-21,22,183,91,L,R,Czechia,,,
694376,Shay Whitcomb,Korea,SS,10,1998-09-28,27,183,92,R,R,USA,Houston Astros,2024,2
808971,Been Gwak,Korea,P,47,1999-05-28,26,188,95,R,R,Republic of Korea,,,
808970,Woo-Suk Go,Korea,P,19,1998-08-06,27,180,90,R,R,Republic of Korea,Toledo Mud Hens,,
823590,Yeong Chan You,Korea,P,54,1997-03-07,29,185,90,R,R,Republic of Korea,,,
663330,Jahmai Jones,Korea,LF,15,1997-08-04,28,178,95,R,R,USA,Detroit Tigers,2020,6
641540,Dane Dunning,Korea,P,33,1994-12-20,31,193,102,R,R,USA,Tacoma Rainiers,2020,6
823575,Bo Gyeong Moon,Korea,1B,2,2000-07-19,25,183,88,L,R,Republic of Korea,,,
823574,Si Hwan Roh,Korea,3B,8,2000-12-03,25,185,105,R,R,Republic of Korea,,,
823593,Min Jae Shin,Korea,2B,4,1996-01-21,30,170,67,L,R,Republic of Korea,,,
823570,Hyung Jun Kim,Korea,C,25,1999-11-02,26,188,98,R,R,Republic of Korea,,,
823572,Ju Won Kim,Korea,SS,7,2002-07-30,23,185,83,R,R,Republic of Korea,,,
808975,Hyeseong Kim,Korea,2B,3,1999-01-27,27,178,79,L,R,Republic of Korea,Oklahoma City Comets,2025,1
838342,Young Kyu Kim,Korea,P,14,2000-02-10,26,188,86,L,L,Republic of Korea,,,
823559,Taek Yeon Kim,Korea,P,63,2005-06-03,20,180,88,R,R,Republic of Korea,,,
808978,Young Pyo Ko,Korea,P,1,1991-09-16,34,185,88,R,R,Republic of Korea,,,
547943,Hyun Jin Ryu,Korea,P,99,1987-03-25,39,190,113,R,L,Republic of Korea,Toronto Blue Jays,2013,13
673526,Dong Won Park,Korea,C,27,1990-04-07,35,178,92,R,R,Republic of Korea,,,
838336,Hyun Min Ahn,Korea,RF,23,2003-08-22,22,183,90,R,R,Republic of Korea,,,
676617,Riley O'Brien,Korea,P,55,1995-02-06,31,193,82,R,R,USA,St. Louis Cardinals,2021,5
673527,Hae-Min Park,Korea,1B,17,1990-02-24,36,180,75,L,R,Republic of Korea,,,
838339,Do Yeong Kim,Korea,DH,5,2003-10-02,22,183,85,R,R,Republic of Korea,,,
838333,Ju Young Son,Korea,P,29,1998-12-02,27,190,95,L,L,Republic of Korea,,,
838332,Ja Wook Koo,Korea,PH,65,1993-02-12,33,188,75,L,R,Republic of Korea,,,
808982,Jung Hoo Lee,Korea,RF,22,1998-08-20,27,183,89,L,R,Republic of Korea,San Francisco Giants,2024,2
838334,Seung Ki Song,Korea,P,66,2002-04-10,23,180,90,L,L,Republic of Korea,,,
628359,Kyung-Eun Noh,Korea,P,38,1984-03-11,42,188,84,R,R,Republic of Korea,Geelong-Korea,,
806806,Hyun Bin Moon,Korea,CF,51,2004-04-20,21,175,82,L,R,Republic of Korea,International Team (18U),,
823561,Yeong Hyun Park,Korea,P,60,2003-10-11,22,183,91,R,R,Republic of Korea,,,
838331,Woo Joo Jeong,Korea,P,61,2006-11-07,19,183,88,R,R,Republic of Korea,,,
808984,Hyeong Jun So,Korea,P,30,2001-09-16,24,188,92,R,R,Republic of Korea,,,
823568,Byeong Hyeon Jo,Korea,P,11,2002-05-08,23,183,90,R,R,Republic of Korea,,,
838348,Koki Kitayama,Japan,P,57,1999-04-10,26,183,86,R,R,Japan,,,
838349,Ryuhei Sotani,Japan,P,47,2000-11-30,25,183,83,L,L,Japan,,,
838344,Kaito Kozono,Japan,SS,3,2000-06-07,25,178,86,L,R,Japan,,,
838346,Yuki Matsumoto,Japan,P,66,1996-04-14,29,183,92,L,R,Japan,,,
831674,Shota Morishita,Japan,PH,23,2000-08-14,25,183,93,R,R,Japan,,,
831656,Seishiro Sakamoto,Japan,C,12,1993-11-10,32,178,79,R,R,Japan,,,
808959,Munetaka Murakami,Japan,1B,55,2000-02-02,26,188,97,L,R,Japan,Chicago White Sox,2026,0
808958,Hiroya Miyagi,Japan,P,13,2001-08-25,24,170,78,L,L,Japan,,,
808957,Shugo Maki,Japan,2B,2,1998-04-21,27,178,93,R,R,Japan,,,
673520,Yuhei Nakamura,Japan,C,27,1990-06-17,35,175,79,R,R,Japan,,,
808955,Hiromi Itoh,Japan,P,14,1997-08-31,28,178,82,L,R,Japan,,,
838755,Shoma Fujihira,Japan,P,46,1998-09-21,27,185,85,R,R,Japan,,,
673548,Seiya Suzuki,Japan,RF,51,1994-08-18,31,180,83,R,R,Japan,Chicago Cubs,2022,4
838757,Chihiro Sumida,Japan,P,22,1999-08-20,26,175,76,L,L,Japan,,,
838756,Yumeto Kanemaru,Japan,P,24,2003-02-01,23,178,77,L,L,Japan,,,
660271,Shohei Ohtani,Japan,DH,16,1994-07-05,31,193,95,L,R,Japan,Los Angeles Dodgers,2018,8
608372,Tomoyuki Sugano,Japan,P,19,1989-10-11,36,185,104,R,R,Japan,Colorado Rockies,2025,1
684001,Atsuki Taneichi,Japan,P,26,1998-09-07,27,183,88,R,R,Japan,Auckland Tuatara,,
831664,Teruaki Sato,Japan,DH,7,1999-03-13,27,188,95,L,R,Japan,,,
683970,Ukyo Shuto,Japan,CF,20,1996-02-10,30,180,70,L,R,Japan,Gigantes de Carolina,,
579328,Yusei Kikuchi,Japan,P,17,1991-06-17,34,183,95,L,L,Japan,Los Angeles Angels,2019,7
683821,Sosuke Genda,Japan,SS,6,1993-02-16,33,180,75,L,R,Japan,,,
685547,Kensuke Kondoh,Japan,LF,8,1993-08-09,32,170,86,L,R,Japan,,,
807799,Masataka Yoshida,Japan,LF,34,1993-07-15,32,173,87,L,R,Japan,Boston Red Sox,2023,3
808964,Hiroto Takahashi,Japan,P,28,2002-08-09,23,188,86,R,R,Japan,,,
838350,Kenya Wakatsuki,Japan,C,4,1995-10-04,30,180,88,R,R,Japan,,,
611463,Taisei Makihara,Japan,LF,5,1992-10-15,33,173,68,L,R,Japan,Brisbane Bandits,,
808962,Taisei Ota,Japan,P,15,1999-06-29,26,180,88,R,R,Japan,,,
672960,Kazuma Okamoto,Japan,3B,25,1996-06-30,29,185,100,R,R,Japan,Toronto Blue Jays,2026,0
808967,Yoshinobu Yamamoto,Japan,P,18,1998-08-17,27,178,80,R,R,Japan,Los Angeles Dodgers,2024,2
683061,Alexander Vargas,Cuba,SS,13,2001-10-29,24,180,83,R,R,Cuba,Dayton Dragons,,
661270,Roel Santos,Cuba,CF,1,1987-09-15,38,168,78,L,L,Cuba,Olmecas de Tabasco,,
628326,Erisbel Arruebarrena,Cuba,SS,71,1990-03-25,36,185,104,R,R,Cuba,Algodoneros de Guasave,2014,12
493351,Alexei Ramirez,Cuba,SS,2,1981-09-22,44,188,82,R,R,Cuba,Diablos Rojos del Mexico,2008,18
660162,Yoán Moncada,Cuba,3B,10,1995-05-27,30,183,100,S,R,Cuba,Los Angeles Angels,2016,10
628345,Darien Núñez,Cuba,P,62,1993-03-19,33,188,93,L,L,Cuba,Algodoneros Union Laguna,2021,5
682644,Denny Larrondo,Cuba,P,25,2002-05-31,23,188,82,R,R,Cuba,Hillsboro Hops,,
661255,Yoan López,Cuba,P,35,1993-01-02,33,190,94,R,R,Cuba,Algodoneros Union Laguna,2018,8
677120,Yoel Yanqui,Cuba,IF,33,1996-04-25,29,185,95,L,L,Cuba,Navegantes del Magallanes,,
682650,Malcom Nuñez,Cuba,3B,9,2001-03-09,25,183,93,R,R,Cuba,Indianapolis Indians,,
820888,Emmanuel Chapman,Cuba,P,34,1998-09-23,27,198,116,R,R,Cuba,Altoona Curve,,
673603,Luis Romero,Cuba,P,16,1994-04-23,31,183,92,R,R,Cuba,El Aguila de Veracruz,,
814300,Josimar Cousin,Cuba,P,30,1998-02-18,28,190,104,R,R,Cuba,Rieleros de Aguascalientes,,
673508,Ariel Martinez,Cuba,1B,40,1996-05-28,29,188,89,R,R,Cuba,,,
838354,Leonel Moas Jr.,Cuba,LF,20,1996-04-14,29,188,86,R,R,Cuba,,,
839102,Christian Rodriguez,Cuba,IF,95,2002-03-31,24,183,73,R,R,Cuba,,,
807176,Armando Duenas,Cuba,P,6,1994-09-17,31,190,98,R,R,Cuba,,,
684320,Yariel Rodríguez,Cuba,P,29,1997-03-10,29,183,75,R,R,Cuba,Buffalo Bisons,2024,2
661267,Livan Moinelo,Cuba,P,89,1995-12-08,30,178,70,L,L,Cuba,,,
808949,Andrys Perez,Cuba,C,17,2001-02-09,25,188,94,R,R,Cuba,,,
682640,Osiel Rodriguez,Cuba,P,15,2001-11-22,24,188,95,R,R,Cuba,Bravos de Leon,,
683427,Omar Hernandez,Cuba,C,3,2001-12-10,24,178,77,R,R,Cuba,Northwest Arkansas Naturals,,
683726,Pedro Santos,Cuba,P,18,2000-01-07,26,193,93,R,R,Cuba,Gigantes de Carolina,,
678789,Julio Robaina,Cuba,P,38,2001-03-23,25,180,77,L,L,Cuba,Tigres de Quintana Roo,,
698795,Yoelkis Guibert,Cuba,RF,7,1994-08-29,31,178,76,L,L,Cuba,Algodoneros de Guasave,,
838353,Randy Martinez,Cuba,P,90,2003-09-28,22,175,72,L,L,Cuba,,,
701260,Frank Alvarez,Cuba,P,22,1999-01-16,27,190,92,R,R,Cuba,,,
691268,Yiddi Cappe,Cuba,2B,24,2002-09-17,23,190,79,R,R,Cuba,Pensacola Blue Wahoos,,
493319,Alfredo Despaigne,Cuba,DH,54,1986-06-17,39,170,95,R,R,Cuba,Piratas de Campeche,,
673510,Raidel Martinez,Cuba,P,92,1996-10-11,29,193,93,L,R,Cuba,,,
622666,Johan Camargo,Panama,1B,7,1993-12-13,32,180,88,S,R,Panama,Tecos de los Dos Laredos,2017,9
642770,Javy Guerra,Panama,P,12,1995-09-25,30,183,86,L,R,Panama,Gwinnett Stripers,2018,8
701477,Erian Rodriguez,Panama,P,5,2001-11-23,24,190,86,R,R,Panama,Knoxville Smokies,,
676609,José Caballero,Panama,SS,77,1996-08-30,29,175,86,R,R,Panama,New York Yankees,2023,3
645308,Jhonny Santos,Panama,LF,32,1996-10-02,29,183,73,R,R,Panama,Panama,,
514913,Rubén Tejada,Panama,SS,11,1989-10-27,36,180,91,R,R,Panama,Caliente de Durango,2010,16
642558,Ariel Jurado,Panama,P,37,1996-01-30,30,188,109,R,R,Panama,St. Paul Saints,2018,8
682947,Jose Ramos,Panama,RF,99,2001-01-01,25,183,91,R,R,Panama,Binghamton Rumble Ponies,,
624641,Edmundo Sosa,Panama,3B,33,1996-03-06,30,180,95,R,R,Panama,Philadelphia Phillies,2018,8
660620,Jonathan Araúz,Panama,1B,28,1998-08-03,27,183,88,S,R,Panama,Saraperos de Saltillo,2020,6
514630,Luis Castillo,Panama,OF,23,1989-05-15,36,180,73,S,R,Panama,Panama,,
642707,Allen Córdoba,Panama,CF,13,1995-12-06,30,188,107,R,R,Panama,Diablos Rojos del Mexico,2017,9
642607,Dario Agrazal,Panama,P,82,1994-12-28,31,188,102,R,R,Panama,Leones de Yucatan,2019,7
605894,Severino González,Panama,P,52,1992-09-28,33,188,70,R,R,Panama,Panama,2015,11
800550,Miguel Cienfuegos,Panama,P,0,1997-02-10,29,193,88,L,L,Canada,El Paso Chihuahuas,,
683517,Jorge Garcia,Panama,P,3,2002-05-10,23,183,84,R,R,Panama,Caliente de Durango,,
542194,Christian Bethancourt,Panama,C,22,1991-09-02,34,190,93,R,R,Panama,Iowa Cubs,2013,13
665804,Miguel Amaya,Panama,C,9,1999-03-09,27,185,104,R,R,Panama,Chicago Cubs,2023,3
502179,Paolo Espino,Panama,P,21,1987-01-10,39,178,96,R,R,Panama,Panama,2017,9
690961,Enrique Bradfield Jr.,Panama,CF,2,2001-12-02,24,180,77,L,L,USA,Norfolk Tides,,
671106,Logan Allen,Panama,P,26,1998-09-05,27,183,86,R,L,USA,Columbus Clippers,2023,3
650668,Humberto Mejía,Panama,P,91,1997-03-03,29,193,111,R,R,Panama,Panama,2020,6
642545,Jaime Barria,Panama,P,51,1996-07-18,29,185,95,R,R,Panama,Algodoneros Union Laguna,2018,8
665789,Kenny Hernandez,Panama,P,24,1998-06-24,27,185,89,L,L,Panama,Dominican Republic,,
685777,Miguel Gomez,Panama,P,15,2001-09-10,24,190,77,R,R,Panama,Bravos de Leon,,
593604,Alberto Baldonado,Panama,P,25,1993-02-01,33,196,122,L,L,Panama,Rochester Red Wings,2021,5
686857,James Gonzalez,Panama,P,4,2000-09-15,25,188,116,L,L,Panama,Midland RockHounds,,
677870,Leo Jiménez,Panama,2B,49,2001-05-17,24,178,98,R,R,Panama,Miami Marlins,2024,2
699024,Leo Bernal,Panama,DH,18,2004-02-13,22,183,111,S,R,Panama,Memphis Redbirds,,
665959,Abdiel Mendoza,Panama,P,19,1998-09-19,27,178,73,R,R,Panama,ACL Mariners,,
644433,Chadwick Tromp,Kingdom of the Netherlands,C,14,1995-03-21,31,173,100,R,R,Aruba,Gwinnett Stripers,2020,6
808378,Jamdrick Cornelia,Kingdom of the Netherlands,P,30,2005-11-17,20,183,64,L,L,Curacao,DSL Mets Orange,,
463017,Shairon Martis,Kingdom of the Netherlands,P,39,1987-03-30,39,185,102,R,R,Curacao,Aguilas del Zulia,2008,18
622464,Wendell Floranus,Kingdom of the Netherlands,P,99,1995-04-16,30,183,73,R,R,Curacao,Leones del Escogido,,
838329,Justin Morales,Kingdom of the Netherlands,P,46,2004-12-14,21,193,95,R,R,Aruba,,,
663723,Derek West,Kingdom of the Netherlands,P,00,1996-12-02,29,196,117,R,R,USA,Leones de Yucatan,,
445276,Kenley Jansen,Kingdom of the Netherlands,P,74,1987-09-30,38,196,120,S,R,Curacao,Detroit Tigers,2010,16
823858,Jaitoine Kelly,Kingdom of the Netherlands,P,34,2007-06-29,18,190,117,R,R,Aruba,ACL D-backs,,
808511,Dylan Wilson,Kingdom of the Netherlands,P,20,2005-12-01,20,183,73,R,R,Curacao,ACL Mariners,,
806779,Shawndrick Oduber,Kingdom of the Netherlands,P,35,2004-12-16,21,183,77,R,R,Aruba,Ontario Tower Buzzers,,
649955,Hendrik Clementina,Kingdom of the Netherlands,DH,12,1997-06-17,28,188,113,R,R,Curacao,Algodoneros Union Laguna,,
702258,Druw Jones,Kingdom of the Netherlands,RF,4,2003-11-28,22,188,82,R,R,USA,Amarillo Sod Poodles,,
642282,Juremi Profar,Kingdom of the Netherlands,3B,13,1996-01-30,30,185,84,R,R,Curacao,Bravos de Leon,,
677804,Eric Mendez,Kingdom of the Netherlands,P,29,1999-12-03,26,183,79,R,R,Aruba,Lakeland Flying Tigers,,
642720,Ray-Patrick Didder,Kingdom of the Netherlands,LF,11,1994-10-01,31,178,90,R,R,Aruba,Aguilas de Mexicali,,
645277,Ozzie Albies,Kingdom of the Netherlands,2B,1,1997-01-07,29,170,75,S,R,Curacao,Atlanta Braves,2017,9
687677,Arij Fransen,Kingdom of the Netherlands,P,17,2001-05-20,24,190,98,R,R,Netherlands,Chattanooga Lookouts,,
609044,Lars Huijer,Kingdom of the Netherlands,P,16,1993-09-22,32,193,93,R,R,Netherlands,Myrtle Beach Pelicans,,
593428,Xander Bogaerts,Kingdom of the Netherlands,SS,2,1992-10-01,33,188,99,R,R,Aruba,San Diego Padres,2013,13
463748,Sharlon Schoop,Kingdom of the Netherlands,1B,15,1987-04-15,38,188,86,R,R,Curacao,Norfolk Tides,,
678882,Ceddanne Rafaela,Kingdom of the Netherlands,CF,3,2000-09-18,25,178,75,R,R,Curacao,Boston Red Sox,2023,3
692838,Jaydenn Estanista,Kingdom of the Netherlands,P,32,2001-10-03,24,188,82,R,R,Curacao,Reading Fightin Phils,,
806401,Dayson Croes,Kingdom of the Netherlands,1B,5,1999-10-08,26,178,90,L,R,Aruba,Richmond Flying Squirrels,,
808721,Kevin Kelly,Kingdom of the Netherlands,P,33,1990-05-27,35,183,91,R,R,Curacao,Caliente de Durango,,
838330,Delano Selassa,Kingdom of the Netherlands,OF,22,1999-10-25,26,188,86,R,R,Netherlands,,,
699228,Jakey Josepha,Kingdom of the Netherlands,PH,37,2004-05-15,21,188,61,L,R,Curacao,Visalia Rawhide,,
699008,Antwone Kelly,Kingdom of the Netherlands,P,58,2003-09-01,22,178,108,R,R,Aruba,Indianapolis Indians,,
543833,Juan Carlos Sulbaran,Kingdom of the Netherlands,P,45,1989-11-09,36,188,93,R,R,Curacao,Rieleros de Aguascalientes,,
544369,Didi Gregorius,Kingdom of the Netherlands,3B,18,1990-02-18,36,190,93,L,R,Netherlands,Algodoneros Union Laguna,2012,14
820853,Ryjeteri Merite,Kingdom of the Netherlands,P,52,2005-12-16,20,190,68,L,L,Netherlands,DSL Reds,,
694037,Daniel Palencia,Venezuela,P,29,2000-02-05,26,180,73,R,R,Venezuela,Chicago Cubs,2023,3
593958,Eduardo Rodriguez,Venezuela,P,52,1993-04-07,32,188,105,L,L,Venezuela,Arizona Diamondbacks,2015,11
575929,Willson Contreras,Venezuela,1B,40,1992-05-13,33,183,109,R,R,Venezuela,Boston Red Sox,2016,10
682949,Christian Suarez,Venezuela,P,73,2000-11-25,25,180,73,L,L,Venezuela,Tulsa Drillers,,
645307,Ricardo Sánchez,Venezuela,P,64,1997-04-11,28,178,100,L,L,Venezuela,Algodoneros Union Laguna,2020,6
664346,Carlos Guzman,Venezuela,P,20,1998-05-16,27,185,95,R,R,Venezuela,Binghamton Rumble Ponies,,
694192,Jackson Chourio,Venezuela,CF,1,2004-03-11,22,185,90,R,R,Venezuela,Milwaukee Brewers,2024,2
521692,Salvador Perez,Venezuela,DH,13,1990-05-10,35,188,116,R,R,Venezuela,Kansas City Royals,2011,15
679883,Luinder Avila,Venezuela,P,58,2001-08-21,24,190,88,R,R,Venezuela,Omaha Storm Chasers,2025,1
665926,Andrés Giménez,Venezuela,2B,0,1998-09-04,27,180,73,L,R,Venezuela,Toronto Blue Jays,2020,6
676130,José Buttó,Venezuela,P,70,1998-03-19,28,183,94,R,R,Venezuela,San Francisco Giants,2022,4
677800,Wilyer Abreu,Venezuela,LF,16,1999-06-24,26,178,98,L,L,Venezuela,Boston Red Sox,2023,3
672456,Keider Montero,Venezuela,P,54,2000-07-06,25,185,66,R,R,Venezuela,Toledo Mud Hens,2024,2
691594,Javier Sanoja,Venezuela,CF,4,2002-09-03,23,170,68,R,R,Venezuela,Miami Marlins,2024,2
600921,Andrés Machado,Venezuela,P,30,1993-04-22,32,185,105,R,R,Venezuela,Caribes de Anzoategui,2017,9
650402,Gleyber Torres,Venezuela,2B,25,1996-12-13,29,178,93,R,R,Venezuela,Detroit Tigers,2018,8
660670,Ronald Acuña Jr.,Venezuela,RF,21,1997-12-18,28,183,93,R,R,Venezuela,Atlanta Braves,2018,8
624133,Ranger Suarez,Venezuela,P,55,1995-08-26,30,185,98,L,L,Venezuela,Boston Red Sox,2018,8
646242,Jhonathan Díaz,Venezuela,P,74,1996-09-13,29,183,77,L,L,Venezuela,Tacoma Rainiers,2021,5
553993,Eugenio Suárez,Venezuela,3B,7,1991-07-18,34,180,97,R,R,Venezuela,Cincinnati Reds,2014,12
646241,Enmanuel De Jesus,Venezuela,P,37,1996-12-10,29,190,86,L,L,Venezuela,Detroit Tigers,2023,3
661388,William Contreras,Venezuela,C,23,1997-12-24,28,178,98,R,R,Venezuela,Milwaukee Brewers,2020,6
678662,Ezequiel Tovar,Venezuela,SS,14,2001-08-01,24,183,73,R,R,Venezuela,Colorado Rockies,2022,4
660825,Eduard Bazardo,Venezuela,P,83,1995-09-01,30,183,86,R,R,Venezuela,Seattle Mariners,2021,5
683627,Anthony Molina,Venezuela,P,35,2002-01-12,24,185,77,R,R,Venezuela,Gwinnett Stripers,2024,2
672580,Maikel Garcia,Venezuela,3B,11,2000-03-03,26,185,82,R,R,Venezuela,Kansas City Royals,2022,4
622608,Antonio Senzatela,Venezuela,P,34,1995-01-21,31,185,107,R,R,Venezuela,Colorado Rockies,2017,9
672582,Angel Zerpa,Venezuela,P,61,1999-09-27,26,183,108,L,L,Venezuela,Milwaukee Brewers,2021,5
650333,Luis Arraez,Venezuela,1B,2,1997-04-09,28,178,84,L,R,Venezuela,San Francisco Giants,2019,7
672782,Yoendrys Gómez,Venezuela,P,94,1999-10-15,26,190,96,R,R,Venezuela,Tampa Bay Rays,2023,3
622103,Gerardo Reyes,Mexico,P,33,1993-05-13,32,180,88,R,R,Mexico,Diablos Rojos del Mexico,2019,7
687401,Joey Ortiz,Mexico,SS,7,1998-07-14,27,178,87,R,R,USA,Milwaukee Brewers,2023,3
696030,Alejandro Osuna,Mexico,OF,19,2002-10-10,23,175,84,L,L,Mexico,Round Rock Express,2025,1
680767,Victor Vodnik,Mexico,P,11,1999-10-09,26,183,91,R,R,USA,Colorado Rockies,2023,3
668227,Randy Arozarena,Mexico,LF,56,1995-02-28,31,178,84,R,R,Cuba,Seattle Mariners,2019,7
665871,Javier Assad,Mexico,P,77,1997-07-30,28,185,91,R,R,Mexico,Iowa Cubs,2022,4
518435,Manny Barreda,Mexico,P,50,1988-10-08,37,180,88,R,R,USA,Saraperos de Saltillo,2021,5
642133,Rowdy Tellez,Mexico,DH,44,1995-03-16,31,193,122,L,L,USA,Gwinnett Stripers,2018,8
680771,Mateo Gil,Mexico,3B,3,2000-07-24,25,183,82,R,R,USA,Charros de Jalisco,,
608841,Joey Meneses,Mexico,1B,32,1992-05-06,33,193,107,R,R,Mexico,Las Vegas Aviators,2022,4
691858,Jared Serna,Mexico,DH,59,2002-06-01,23,170,79,R,R,Mexico,Jacksonville Jumbo Shrimp,,
676395,Robert Garcia,Mexico,P,62,1996-06-14,29,193,107,R,L,USA,Texas Rangers,2023,3
650960,Daniel Duarte,Mexico,P,53,1996-12-04,29,183,107,R,R,Mexico,Syracuse Mets,2022,4
657514,Brennan Bernardino,Mexico,P,22,1992-01-15,34,193,82,L,L,USA,Colorado Rockies,2022,4
656029,Alexis Wilson,Mexico,C,26,1996-08-13,29,178,91,R,R,Mexico,Tigres de Quintana Roo,,
694401,Alexander Armenta,Mexico,P,35,2004-06-26,21,175,85,L,L,Mexico,Tigres de Quintana Roo,,
592836,Taijuan Walker,Mexico,P,99,1992-08-13,33,193,107,R,R,USA,Philadelphia Phillies,2013,13
672911,Jesus Cruz,Mexico,P,49,1995-04-15,30,185,104,R,R,Mexico,Saraperos de Saltillo,2020,6
692024,Alex Carrillo,Mexico,P,24,1997-06-06,28,188,100,R,R,USA,Syracuse Mets,2025,1
805373,Nacho Alvarez Jr.,Mexico,3B,2,2003-04-11,22,178,86,R,R,USA,Gwinnett Stripers,2024,2
666018,Jonathan Aranda,Mexico,1B,8,1998-05-23,27,183,98,L,R,Mexico,Tampa Bay Rays,2022,4
662253,Andrés Muñoz,Mexico,P,75,1999-01-16,27,188,101,R,R,Mexico,Seattle Mariners,2019,7
641995,Roel Ramírez,Mexico,P,55,1995-05-26,30,183,107,R,R,USA,Toros de Tijuana,2020,6
680776,Jarren Duran,Mexico,RF,16,1996-09-05,29,183,93,L,R,USA,Boston Red Sox,2021,5
703725,Luis Gastelum,Mexico,P,27,2001-09-27,24,188,79,R,R,Mexico,Memphis Redbirds,,
676140,Julian Ornelas,Mexico,OF,31,1996-12-28,29,183,83,L,R,Mexico,Diablos Rojos del Mexico,,
672386,Alejandro Kirk,Mexico,C,30,1998-11-06,27,173,111,R,R,Mexico,Toronto Blue Jays,2020,6
696519,Samy Natera Jr.,Mexico,P,17,1999-11-05,26,193,104,L,L,Mexico,Salt Lake Bees,,
693304,Nick Gonzales,Mexico,2B,13,1999-05-27,26,173,88,R,R,USA,Pittsburgh Pirates,2023,3
677950,Alek Thomas,Mexico,CF,5,2000-04-28,25,175,79,L,L,USA,Arizona Diamondbacks,2022,4
695402,Najer Victor,Great Britain,P,8,2001-11-28,24,185,88,R,R,USA,Rancho Cucamonga Quakes,,
701796,Will Cresswell,Great Britain,C,30,2003-08-18,22,183,93,R,R,USA,Dunedin Blue Jays,,
689288,Matt Koperniak,Great Britain,LF,29,1998-02-08,28,183,94,L,R,United Kingdom,Memphis Redbirds,,
687045,Justin Wylie,Great Britain,OF,13,1996-08-26,29,178,88,R,R,USA,Jaguares de Nayarit,,
702465,Ryan Long,Great Britain,P,35,1999-10-19,26,198,109,R,R,USA,Chesapeake Baysox,,
695680,Miles Langhorne,Great Britain,P,45,2003-04-30,22,193,98,R,R,USA,Wisconsin Timber Rattlers,,
643588,Tyler Viza,Great Britain,P,21,1994-10-21,31,190,77,R,R,USA,Conspiradores de Queretaro,,
668687,Andre Scrubb,Great Britain,P,70,1995-01-13,31,193,122,R,R,USA,Cangrejeros de Santurce,2020,6
592229,Dylan Covey,Great Britain,P,33,1991-08-14,34,185,98,R,R,USA,Gwinnett Stripers,2017,9
808952,Jack Seppings,Great Britain,P,27,2002-07-03,23,185,86,R,R,USA,Wisconsin Timber Rattlers,,
800712,Wallace Clark,Great Britain,SS,10,2002-06-08,23,183,88,S,R,United Kingdom,Hillsboro Hops,,
677565,Kristian Robinson,Great Britain,DH,59,2000-12-11,25,190,86,R,R,Bahamas,Reno Aces,,
801643,Owen Wild,Great Britain,P,34,2002-07-30,23,188,104,R,R,USA,Montgomery Biscuits,,
694341,Brendan Beck,Great Britain,P,19,1998-10-06,27,188,99,R,R,USA,Scranton/Wilkes-Barre RailRiders,,
695670,Harry Ford,Great Britain,C,1,2003-02-21,23,178,91,R,R,USA,Rochester Red Wings,2025,1
663941,Tristan Beck,Great Britain,P,43,1996-06-24,29,193,91,R,R,USA,Sacramento River Cats,2023,3
687630,Donovan Benoit,Great Britain,P,41,1999-01-22,27,190,90,R,R,USA,Chattanooga Lookouts,,
681987,Nate Eaton,Great Britain,CF,18,1996-12-22,29,180,91,R,R,USA,Worcester Red Sox,2022,4
681501,Chavez Fernander,Great Britain,P,46,1997-07-07,28,190,93,R,R,Bahamas,Acereros del Norte,,
572204,Trayce Thompson,Great Britain,RF,28,1991-03-15,35,188,102,R,R,USA,Worcester Red Sox,2015,11
665862,Jazz Chisholm Jr.,Great Britain,2B,3,1998-02-01,28,180,83,L,R,Bahamas,New York Yankees,2020,6
657101,Nick Wells,Great Britain,P,23,1996-02-21,30,196,84,L,L,USA,Toros de Tijuana,,
681252,Jack Anderson,Great Britain,P,62,1999-11-23,26,190,89,R,R,USA,Worcester Red Sox,,
681230,BJ Murray,Great Britain,1B,7,2000-01-05,26,180,93,S,R,Bahamas,Iowa Cubs,,
682187,Nick Ward,Great Britain,SS,5,1995-10-19,30,175,82,L,R,USA,Adelaide Giants,,
804541,Gary Gill Hill,Great Britain,P,17,2004-09-20,21,188,73,R,R,USA,Bowling Green Hot Rods,,
474699,Vance Worley,Great Britain,P,49,1987-09-25,38,188,109,R,R,USA,Syracuse Mets,2010,16
671155,Ivan Johnson,Great Britain,3B,15,1998-10-11,27,183,86,S,R,USA,Louisville Bats,,
676942,Graham Spraker,Great Britain,P,96,1995-03-19,31,188,85,R,R,USA,Cardenales de Lara,,
691588,Ian Lewis Jr.,Great Britain,SS,6,2003-02-04,23,180,80,S,R,Bahamas,Pensacola Blue Wahoos,,
670103,Raymond Burgos,Puerto Rico,P,29,1998-11-29,27,196,95,L,L,Puerto Rico,Gigantes de Carolina,2024,2
455117,Martín Maldonado,Puerto Rico,C,15,1986-08-16,39,183,104,R,R,Puerto Rico,Indios de Mayaguez,2011,15
663494,Bryan Torres,Puerto Rico,CF,2,1997-07-02,28,170,75,L,R,Puerto Rico,Memphis Redbirds,,
695684,Elmer Rodríguez,Puerto Rico,P,18,2003-08-18,22,193,80,L,R,Puerto Rico,Scranton/Wilkes-Barre RailRiders,,
671218,Heliot Ramos,Puerto Rico,LF,22,1999-09-07,26,180,107,R,R,Puerto Rico,San Francisco Giants,2022,4
681938,Angel Reyes,Puerto Rico,P,34,1997-10-17,28,188,93,R,R,Puerto Rico,Saraperos de Saltillo,,
670329,Rico Garcia,Puerto Rico,P,52,1994-01-10,32,175,98,R,R,USA,Baltimore Orioles,2019,7
571448,Nolan Arenado,Puerto Rico,3B,28,1991-04-16,34,188,98,R,R,USA,Arizona Diamondbacks,2013,13
700842,Eduardo Rivera,Puerto Rico,P,99,2003-06-13,22,201,108,L,L,Puerto Rico,Portland Sea Dogs,,
664744,Jose Espada,Puerto Rico,P,35,1997-02-22,29,183,84,R,R,Puerto Rico,Norfolk Tides,2023,3
666126,Carlos Cortes,Puerto Rico,RF,14,1997-06-30,28,170,89,L,S,USA,Athletics,2025,1
687879,Luis Quiñones,Puerto Rico,P,51,1997-07-02,28,183,93,R,R,Puerto Rico,Wichita Wind Surge,,
592254,José De León,Puerto Rico,P,87,1992-08-07,33,183,100,R,R,Puerto Rico,Criollos de Caguas,2016,10
650489,Willi Castro,Puerto Rico,2B,3,1997-04-24,28,183,93,S,R,Puerto Rico,Colorado Rockies,2019,7
676679,Luis Vázquez,Puerto Rico,SS,8,1999-10-10,26,183,75,R,R,Puerto Rico,Norfolk Tides,2024,2
669004,MJ Melendez,Puerto Rico,LF,10,1998-11-29,27,183,86,L,R,USA,Syracuse Mets,2022,4
683090,Matthew Lugo,Puerto Rico,CF,6,2001-05-09,24,183,86,R,R,Puerto Rico,Salt Lake Bees,2025,1
687231,Darell Hernaiz,Puerto Rico,SS,23,2001-08-03,24,180,86,R,R,Puerto Rico,Athletics,2024,2
592696,Eddie Rosario,Puerto Rico,DH,17,1991-09-28,34,183,82,L,R,Puerto Rico,Toros del Este,2015,11
518585,Fernando Cruz,Puerto Rico,P,63,1990-03-28,36,188,108,R,R,Puerto Rico,New York Yankees,2022,4
695490,Edwin Arroyo,Puerto Rico,SS,13,2003-08-25,22,180,78,S,R,Puerto Rico,Louisville Bats,,
621242,Edwin Díaz,Puerto Rico,P,39,1994-03-22,32,190,75,R,R,Puerto Rico,Los Angeles Dodgers,2016,10
703106,Ricardo Velez,Puerto Rico,P,44,1998-08-21,27,185,82,R,R,Puerto Rico,Frisco RoughRiders,,
605441,Yacksel Ríos,Puerto Rico,P,75,1993-06-27,32,190,98,R,R,Puerto Rico,Iowa Cubs,2017,9
676082,Gabriel Rodriguez,Puerto Rico,P,69,1999-04-09,26,185,88,L,L,Puerto Rico,Binghamton Rumble Ponies,,
663558,Jovani Morán,Puerto Rico,P,16,1997-04-24,28,185,76,L,L,Puerto Rico,Boston Red Sox,2021,5
607625,Seth Lugo,Puerto Rico,P,67,1989-11-17,36,193,102,R,R,USA,Kansas City Royals,2016,10
605347,Jorge López,Puerto Rico,P,48,1993-02-10,33,190,91,R,R,Puerto Rico,Indios de Mayaguez,2015,11
543877,Christian Vázquez,Puerto Rico,C,7,1990-08-21,35,173,93,R,R,Puerto Rico,Houston Astros,2014,12
656896,Emmanuel Rivera,Puerto Rico,1B,26,1996-06-29,29,183,102,R,R,Puerto Rico,Puerto Rico,2021,5
650813,Luis Escobar,Colombia,P,78,1996-05-30,29,185,93,R,R,Colombia,Acereros del Norte,2019,7
666123,Austin Bergner,Colombia,P,45,1997-05-01,28,196,95,R,R,USA,Frisco RoughRiders,,
672569,Gustavo Campero,Colombia,RF,57,1997-09-20,28,168,83,S,R,Colombia,Rocket City Trash Pandas,2024,2
667354,Jesus Marriaga,Colombia,OF,16,1998-12-17,27,183,77,R,R,Colombia,Colombia,,
703197,Michael Arroyo,Colombia,DH,8,2004-11-03,21,178,73,R,R,Colombia,Arkansas Travelers,,
627218,Emerson Martinez,Colombia,P,96,1995-01-11,31,183,86,R,R,Venezuela,Tiburones de La Guaira,,
623912,Harold Ramírez,Colombia,LF,43,1994-09-06,31,180,105,R,R,Colombia,Tecos de los Dos Laredos,2019,7
622426,Adrian Almeida,Colombia,P,19,1995-02-25,31,183,73,L,L,Venezuela,Rieleros de Aguascalientes,,
666669,Elkin Alcala,Colombia,P,26,1997-08-02,28,180,79,R,R,Colombia,Charros de Jalisco,,
456781,Donovan Solano,Colombia,2B,7,1987-12-17,38,173,95,R,R,Colombia,Texas Rangers,2012,14
664584,Jhon Romero,Colombia,P,73,1995-01-17,31,178,88,R,R,Colombia,Tigres de Aragua,2021,5
642751,Carlos Martínez,Colombia,C,70,1995-05-02,30,180,88,R,R,Colombia,Saraperos de Saltillo,,
500779,Jose Quintana,Colombia,P,62,1989-01-24,37,188,102,R,L,Colombia,Colorado Rockies,2012,14
570482,Gio Urshela,Colombia,3B,29,1991-10-11,34,183,98,R,R,Colombia,Minnesota Twins,2015,11
527054,Julio Teheran,Colombia,P,49,1991-01-27,35,188,93,R,R,Colombia,Toros de Tijuana,2011,15
622738,Tito Polo,Colombia,PH,23,1994-08-23,31,178,88,R,R,Colombia,Algodoneros de Guasave,,
672550,Danis Correa,Colombia,P,41,1999-08-26,26,180,68,R,R,Colombia,Brooklyn Cyclones,,
672478,Jordan Diaz,Colombia,PH,13,2000-08-13,25,175,79,R,R,Colombia,Gigantes del Cibao,2022,4
670871,Guillo Zuñiga,Colombia,P,66,1998-10-10,27,196,104,R,R,Colombia,Seattle Mariners,2023,3
690345,Pedro Garcia,Colombia,P,72,1995-03-21,31,180,100,R,R,Venezuela,Bravos de Leon,,
672715,Luis Patiño,Colombia,P,77,1999-10-26,26,185,87,R,R,Colombia,Aguilas Cibaenas,2020,6
682679,Dayan Frias,Colombia,SS,71,2002-06-25,23,175,64,S,R,Colombia,Columbus Clippers,,
664375,Ezequiel Zabaleta,Colombia,P,10,1995-08-20,30,183,79,R,R,Colombia,Guerreros de Oaxaca,,
683454,Brayan Buelvas,Colombia,CF,12,2002-06-08,23,178,70,R,R,Colombia,Midland RockHounds,,
800124,David Lorduy,Colombia,P,39,2003-10-15,22,183,90,R,R,Colombia,Daytona Tortugas,,
677013,Rio Gomez,Colombia,P,92,1994-10-20,31,183,86,L,L,USA,Estrellas Orientales,,
642857,Yapson Gomez,Colombia,P,30,1993-10-02,32,178,73,L,L,Venezuela,Tiburones de La Guaira,,
471906,Reynaldo Rodriguez,Colombia,1B,17,1986-07-02,39,183,88,R,R,Colombia,Guerreros de Oaxaca,,
678863,Carlos Arroyo,Colombia,2B,40,2001-07-11,24,175,77,R,R,Colombia,Rome Emperors,,
678962,Daniel Vellojin,Colombia,C,51,2000-03-15,26,180,73,L,R,Colombia,Montgomery Biscuits,,
667351,Brandon Leyton,Nicaragua,PH,5,1998-12-17,27,178,75,R,R,Nicaragua,Dayton Dragons,,
692230,Carlos Rodriguez,Nicaragua,P,27,2001-11-27,24,180,92,R,R,Nicaragua,Nashville Sounds,2024,2
821829,Jose Orozco,Nicaragua,IF,20,1999-06-03,26,170,79,L,R,Nicaragua,,,
665998,Ismael Munguia,Nicaragua,CF,18,1998-10-19,27,173,72,L,L,Nicaragua,New Hampshire Fisher Cats,,
668901,Mark Vientos,Nicaragua,3B,13,1999-12-11,26,190,84,R,R,USA,New York Mets,2022,4
664342,Benjamin Alegria,Nicaragua,2B,1,1997-08-06,28,178,75,R,R,Nicaragua,DSL Rojos,,
689209,Chase Dawson,Nicaragua,LF,15,1997-06-12,28,175,84,L,R,USA,Bravos de Leon,,
649700,Melvin Novoa,Nicaragua,C,75,1996-06-17,29,180,91,R,R,Nicaragua,Frisco RoughRiders,,
668965,Freddy Zamora,Nicaragua,SS,23,1998-11-01,27,183,84,R,R,Nicaragua,Nashville Sounds,,
642574,Ronald Medrano,Nicaragua,P,36,1995-09-17,30,183,77,R,R,Nicaragua,Rieleros de Aguascalientes,,
541640,Erasmo Ramírez,Nicaragua,P,30,1990-05-02,35,183,100,R,R,Nicaragua,St. Paul Saints,2012,14
821830,Omar Mendoza,Nicaragua,DH,45,1997-10-30,28,173,95,R,R,Nicaragua,,,
678897,Bryan Torres,Nicaragua,P,78,2001-04-12,24,188,82,R,R,Nicaragua,GCL Pirates,,
469191,Carlos Teller,Nicaragua,P,37,1986-10-03,39,180,82,L,L,Nicaragua,Dominican Republic,,
830693,Kenword Burton,Nicaragua,P,10,1998-08-04,27,183,89,R,R,Nicaragua,,,
669023,Jeter Downs,Nicaragua,PH,4,1998-07-27,27,178,89,R,R,Colombia,Scranton/Wilkes-Barre RailRiders,2022,4
830698,Cristhian Sandoval,Nicaragua,RF,95,2000-05-09,25,180,82,R,R,Nicaragua,,,
830696,Ronald Rivera,Nicaragua,C,25,1993-11-28,32,183,91,R,R,Nicaragua,,,
596144,Cheslor Cuthbert,Nicaragua,PH,24,1992-11-16,33,185,86,R,R,Nicaragua,Tigres de Aragua,2015,11
608476,Osman Gutierrez,Nicaragua,P,41,1994-12-15,31,193,113,R,R,Nicaragua,Bravos de Margarita,,
679752,Angel Obando,Nicaragua,P,2,1999-01-19,27,180,81,R,R,Nicaragua,Aguilas del Zulia,,
500724,JC Ramírez,Nicaragua,P,66,1988-08-16,37,190,79,R,R,Nicaragua,Caribes de Anzoategui,2013,13
691602,Stiven Cruz,Nicaragua,P,14,2001-11-14,24,188,75,R,R,Nicaragua,Biloxi Shuckers,,
807358,Danilo Bermudez,Nicaragua,P,42,1999-03-22,27,178,85,L,L,Nicaragua,,,
808986,Duque Hebbert,Nicaragua,P,62,2001-10-29,24,178,77,R,R,Nicaragua,West Michigan Whitecaps,,
650356,Dilmer Mejia,Nicaragua,P,32,1997-07-09,28,178,88,L,L,Nicaragua,Aguilas del Zulia,,
699325,Oscar Rayo,Nicaragua,P,90,2002-01-03,24,185,82,L,L,Nicaragua,Northwest Arkansas Naturals,,
692378,Elian Rayo,Nicaragua,PH,31,2003-03-04,23,183,92,R,R,Nicaragua,San Jose Giants,,
650375,Juan Montes,Nicaragua,PH,99,1995-05-15,30,185,91,R,R,Guatemala,Aberdeen IronBirds,,
693721,Emanuel Trujillo,Nicaragua,1B,9,2001-10-19,24,185,93,R,R,Nicaragua,DSL Giants Black,,
622663,Luis Severino,Dominican Republic,P,40,1994-02-20,32,188,99,R,R,Dominican Republic,Athletics,2015,11
650911,Cristopher Sánchez,Dominican Republic,P,61,1996-12-12,29,198,91,L,L,Dominican Republic,Philadelphia Phillies,2021,5
656061,Albert Abreu,Dominican Republic,P,54,1995-09-26,30,188,86,R,R,Dominican Republic,Tigres del Licey,2020,6
645261,Sandy Alcantara,Dominican Republic,P,7,1995-09-07,30,196,91,R,R,Dominican Republic,Miami Marlins,2017,9
665833,Oneil Cruz,Dominican Republic,PH,15,1998-10-04,27,201,112,L,R,Dominican Republic,Pittsburgh Pirates,2021,5
593974,Wandy Peralta,Dominican Republic,P,59,1991-07-27,34,183,103,L,L,Dominican Republic,San Diego Padres,2016,10
623211,Huascar Brazobán,Dominican Republic,P,43,1989-10-15,36,190,70,R,R,Dominican Republic,New York Mets,2022,4
682842,Abner Uribe,Dominican Republic,P,45,2000-06-20,25,190,93,R,R,Dominican Republic,Milwaukee Brewers,2023,3
642397,Gregory Soto,Dominican Republic,P,65,1995-02-11,31,185,112,L,L,Dominican Republic,Pittsburgh Pirates,2019,7
642708,Amed Rosario,Dominican Republic,3B,14,1995-11-20,30,185,103,R,R,Dominican Republic,New York Yankees,2017,9
606466,Ketel Marte,Dominican Republic,2B,4,1993-10-12,32,183,95,S,R,Dominican Republic,Arizona Diamondbacks,2015,11
678394,Brayan Bello,Dominican Republic,P,66,1999-05-17,26,185,88,R,R,Dominican Republic,Boston Red Sox,2022,4
570481,Erik González,Dominican Republic,2B,11,1991-08-31,34,188,93,R,R,Dominican Republic,Dominican Republic,2016,10
516809,Junior Lake,Dominican Republic,LF,0,1990-03-27,36,188,104,R,R,Dominican Republic,Toros de Tijuana,2013,13
672695,Geraldo Perdomo,Dominican Republic,SS,2,1999-10-22,26,188,92,S,R,Dominican Republic,Arizona Diamondbacks,2021,5
592518,Manny Machado,Dominican Republic,3B,3,1992-07-06,33,188,99,R,R,USA,San Diego Padres,2012,14
675848,Juan Mejia,Dominican Republic,P,47,2000-07-04,25,190,91,R,R,Dominican Republic,Colorado Rockies,2025,1
669224,Austin Wells,Dominican Republic,C,28,1999-07-12,26,185,100,L,R,USA,New York Yankees,2023,3
622554,Seranthony Domínguez,Dominican Republic,P,48,1994-11-25,31,185,102,R,R,Dominican Republic,Chicago White Sox,2018,8
665660,Elvis Alvarado,Dominican Republic,P,37,1999-02-23,27,198,115,R,R,Dominican Republic,Athletics,2025,1
642701,Dennis Santana,Dominican Republic,P,60,1996-04-12,29,188,92,R,R,Dominican Republic,Pittsburgh Pirates,2018,8
665487,Fernando Tatis Jr.,Dominican Republic,RF,23,1999-01-02,27,190,98,R,R,Dominican Republic,San Diego Padres,2019,7
608032,Carlos Estévez,Dominican Republic,P,53,1992-12-28,33,198,126,R,R,Dominican Republic,Kansas City Royals,2016,10
665489,Vladimir Guerrero Jr.,Dominican Republic,1B,27,1999-03-16,27,183,111,R,R,Canada,Toronto Blue Jays,2019,7
665742,Juan Soto,Dominican Republic,LF,22,1998-10-25,27,185,102,L,L,Dominican Republic,New York Mets,2018,8
666808,Camilo Doval,Dominican Republic,P,75,1997-07-04,28,188,93,R,R,Dominican Republic,New York Yankees,2021,5
682663,Agustín Ramírez,Dominican Republic,C,50,2001-09-10,24,185,95,R,R,Dominican Republic,Miami Marlins,2025,1
677594,Julio Rodríguez,Dominican Republic,CF,44,2000-12-29,25,193,103,R,R,Dominican Republic,Seattle Mariners,2022,4
691406,Junior Caminero,Dominican Republic,DH,13,2003-07-05,22,185,100,R,R,Dominican Republic,Tampa Bay Rays,2023,3
467793,Carlos Santana,Dominican Republic,DH,41,1986-04-08,39,178,95,S,R,Dominican Republic,Arizona Diamondbacks,2010,16
669257,Will Smith,United States,C,16,1995-03-28,31,178,88,R,R,USA,Los Angeles Dodgers,2019,7
694973,Paul Skenes,United States,P,30,2002-05-29,23,198,118,R,R,USA,Pittsburgh Pirates,2024,2
701350,Roman Anthony,United States,RF,3,2004-05-13,21,190,91,L,R,USA,Boston Red Sox,2025,1
695243,Mason Miller,United States,P,19,1998-08-24,27,196,91,R,R,USA,San Diego Padres,2023,3
669373,Tarik Skubal,United States,P,27,1996-11-20,29,190,109,R,L,USA,Detroit Tigers,2020,6
547180,Bryce Harper,United States,1B,24,1992-10-16,33,185,95,L,R,USA,Philadelphia Phillies,2012,14
683002,Gunnar Henderson,United States,SS,11,2001-06-29,24,190,104,L,R,USA,Baltimore Orioles,2022,4
642232,Ryan Yarbrough,United States,P,44,1991-12-31,34,196,93,R,L,USA,New York Yankees,2018,8
663728,Cal Raleigh,United States,C,29,1996-11-26,29,188,107,S,R,USA,Seattle Mariners,2021,5
676391,Ernie Clement,United States,LF,5,1996-03-22,30,183,77,R,R,USA,Toronto Blue Jays,2021,5
657277,Logan Webb,United States,P,62,1996-11-18,29,188,100,R,R,USA,San Francisco Giants,2019,7
608324,Alex Bregman,United States,3B,2,1994-03-30,32,178,86,R,R,USA,Chicago Cubs,2016,10
592450,Aaron Judge,United States,RF,99,1992-04-26,33,201,128,R,R,USA,New York Yankees,2016,10
691718,Pete Crow-Armstrong,United States,CF,4,2002-03-25,24,183,83,L,L,USA,Chicago Cubs,2023,3
676477,Garrett Whitlock,United States,P,59,1996-06-11,29,196,101,R,R,USA,Boston Red Sox,2021,5
656941,Kyle Schwarber,United States,DH,12,1993-03-05,33,180,104,L,R,USA,Philadelphia Phillies,2015,11
502671,Paul Goldschmidt,United States,1B,43,1987-09-10,38,188,102,R,R,USA,New York Yankees,2011,15
664076,Garrett Cleavinger,United States,P,60,1994-04-23,31,185,102,R,L,USA,Tampa Bay Rays,2020,6
605280,Clay Holmes,United States,P,35,1993-03-27,33,196,111,R,R,USA,New York Mets,2018,8
571510,Matthew Boyd,United States,P,31,1991-02-02,35,190,101,L,L,USA,Chicago Cubs,2015,11
477132,Clayton Kershaw,United States,P,22,1988-03-19,38,193,102,L,L,USA,Los Angeles Dodgers,2008,18
643377,Griffin Jax,United States,P,48,1994-11-22,31,188,88,R,R,USA,Tampa Bay Rays,2021,5
642100,Gabe Speier,United States,P,55,1995-04-12,30,180,91,L,L,USA,Seattle Mariners,2019,7
668930,Brice Turang,United States,2B,13,1999-11-21,26,183,86,L,R,USA,Milwaukee Brewers,2023,3
608379,Michael Wacha,United States,P,52,1991-07-01,34,198,98,R,R,USA,Kansas City Royals,2013,13
670280,David Bednar,United States,P,53,1994-10-10,31,185,113,L,R,USA,New York Yankees,2019,7
641745,Brad Keller,United States,P,40,1995-07-27,30,196,116,R,R,USA,Philadelphia Phillies,2018,8
690997,Nolan McLean,United States,P,26,2001-07-24,24,188,97,R,R,USA,New York Mets,2025,1
621439,Byron Buxton,United States,CF,25,1993-12-18,32,185,86,R,R,USA,Minnesota Twins,2015,11
677951,Bobby Witt Jr.,United States,SS,7,2000-06-14,25,185,91,R,R,USA,Kansas City Royals,2022,4
693861,Gabriel Carmo,Brazil,C,7,1995-05-17,30,180,79,R,R,Brazil,,,
517209,Murilo Gouvea,Brazil,P,34,1988-09-15,37,190,95,R,R,Brazil,Tiburones de La Guaira,,
670622,Gabriel Maciel,Brazil,CF,3,1999-01-10,27,173,84,S,R,Brazil,Lansing Lugnuts,,
807344,Enzo Sawayama,Brazil,P,18,2003-10-15,22,183,100,L,L,Japan,,,
831112,Osvaldo Carvalho,Brazil,1B,6,2001-06-08,24,185,95,L,R,Brazil,,,
806891,Joao Gabriel Marostica,Brazil,P,0,2004-11-08,21,190,92,R,R,Brazil,International Team (18U),,
831113,Felipe Mizukosi,Brazil,SS,39,1994-11-26,31,175,85,R,R,Brazil,,,
831114,Tiago Nishiyama,Brazil,2B,12,2005-11-20,20,178,83,L,R,Brazil,,,
813429,Lucas Ramirez,Brazil,RF,24,2006-01-16,20,190,93,L,R,USA,Rancho Cucamonga Quakes,,
649963,Bo Takahashi,Brazil,P,26,1997-01-23,29,183,102,R,R,Brazil,Louisville Bats,,
627393,Oscar Nakaoshi,Brazil,P,41,1991-03-28,35,180,83,L,L,Brazil,Adelaide Giants,,
672074,Vitor Ito,Brazil,SS,1,1995-02-16,31,178,81,L,R,Brazil,,,
672078,Eric Pardinho,Brazil,P,43,2001-01-05,25,178,70,R,R,Brazil,Tiburones de La Guaira,,
822885,Caio De Araujo,Brazil,P,8,2002-02-07,24,188,102,R,R,Brazil,,,
547921,Tiago Da Silva,Brazil,P,22,1985-03-28,41,175,82,R,R,Brazil,Guerreros de Oaxaca,,
806238,Gabriel Gomes,Brazil,C,28,2004-03-31,22,175,77,R,R,Brazil,ACL Reds,,
600986,Thyago Vieira,Brazil,P,49,1993-01-07,33,190,117,R,R,Brazil,Reno Aces,2017,9
838355,Tomas Lopez,Brazil,P,35,2004-12-10,21,193,98,R,R,USA,,,
838357,Enzo Hayashida,Brazil,C,20,2008-01-01,18,173,82,R,R,Brazil,,,
682858,Gabriel Barbosa,Brazil,P,31,2002-01-22,24,183,91,R,R,Brazil,Jersey Shore BlueClaws,,
553891,Leonardo Reginatto,Brazil,3B,5,1990-04-10,35,188,85,R,R,Brazil,Olmecas de Tabasco,,
624531,Lucas Rojo,Brazil,2B,15,1994-04-05,31,168,68,R,R,Brazil,VSL Phillies,,
836637,Vitor Takahashi,Brazil,P,40,2008-03-11,18,183,96,R,R,Brazil,,,
605142,Dante Bichette Jr.,Brazil,DH,77,1992-09-26,33,188,93,R,R,USA,Washington Nationals,,
627387,Hugo Kanabushi,Brazil,P,66,1989-05-22,36,180,82,L,L,Brazil,,,
683844,Matheus Silva,Brazil,C,13,2002-06-12,23,170,94,R,R,Brazil,DSL Athletics,,
678685,Victor Mascai,Brazil,LF,17,2001-02-10,25,188,99,L,R,Brazil,Naranjeros de Hermosillo,,
828631,Joseph Contreras,Brazil,P,21,2008-05-06,17,193,88,S,R,USA,,,
806889,Felipe Koragi,Brazil,PR,2,2004-01-23,22,170,68,R,R,Brazil,International Team (18U),,
622609,Hector Villarroel,Brazil,P,4,1995-08-12,30,196,87,L,L,Venezuela,Pericos de Puebla,,
647304,Josh Naylor,Canada,1B,12,1997-06-22,28,178,107,L,L,Canada,Seattle Mariners,2019,7
518418,Phillippe Aumont,Canada,P,37,1989-01-07,37,201,120,L,R,Canada,Buffalo Bisons,2012,14
809840,Micah Ashman,Canada,P,57,2002-08-22,23,201,88,L,L,USA,Chesapeake Baysox,,
666364,Jordan Balazovic,Canada,P,16,1998-09-17,27,196,98,R,R,Canada,Toledo Mud Hens,2023,3
647228,Adam Hall,Canada,SS,2,1999-05-22,26,180,75,R,R,Bermuda,Biloxi Shuckers,,
671936,Adam Macko,Canada,P,64,2000-12-30,25,183,77,L,L,Slovakia,Buffalo Bisons,,
571602,Matt Davidson,Canada,3B,24,1991-03-26,35,190,104,R,R,USA,Las Vegas Aviators,2013,13
642239,Rob Zastryzny,Canada,P,58,1992-03-26,34,190,105,R,L,Canada,Nashville Sounds,2016,10
683363,Matt Wilkinson,Canada,P,35,2002-12-10,23,185,113,R,L,Canada,Akron RubberDucks,,
666301,Indigo Diaz,Canada,P,52,1998-10-14,27,196,113,R,R,Canada,Amarillo Sod Poodles,,
663531,Logan Allen,Canada,P,22,1997-05-23,28,190,91,R,L,USA,Oklahoma City Comets,2019,7
659418,Noah Skirrow,Canada,P,25,1998-07-21,27,190,98,R,R,Canada,Reading Fightin Phils,,
572020,James Paxton,Canada,P,65,1988-11-06,37,193,96,L,L,Canada,Boston Red Sox,2013,13
592791,Jameson Taillon,Canada,P,50,1991-11-18,34,196,104,R,R,USA,Chicago Cubs,2016,10
641933,Tyler O'Neill,Canada,RF,9,1995-06-22,30,175,91,R,R,Canada,Baltimore Orioles,2018,8
615698,Cal Quantrill,Canada,P,47,1995-02-10,31,190,88,L,R,Canada,Round Rock Express,2019,7
615699,Jacob Robson,Canada,OF,8,1994-11-20,31,178,83,L,R,Canada,Brisbane Bandits,2021,5
672012,Tyler Black,Canada,DH,7,2000-07-26,25,183,94,L,R,Canada,Nashville Sounds,2024,2
672016,Denzel Clarke,Canada,CF,1,2000-05-01,25,190,100,R,R,Canada,Athletics,2025,1
647336,Michael Soroka,Canada,P,40,1997-08-04,28,196,113,R,R,Canada,Arizona Diamondbacks,2018,8
666310,Bo Naylor,Canada,C,23,2000-02-21,26,175,93,L,R,Canada,Cleveland Guardians,2022,4
621245,Brock Dykxhoorn,Canada,P,44,1994-07-02,31,203,113,R,R,Canada,Round Rock Express,,
666397,Edouard Julien,Canada,2B,15,1999-04-30,26,185,88,L,R,Canada,Colorado Rockies,2023,3
689414,Liam Hicks,Canada,C,34,1999-06-02,26,175,84,L,R,Canada,Miami Marlins,2025,1
647351,Abraham Toro,Canada,3B,31,1996-12-20,29,183,101,S,R,Canada,Omaha Storm Chasers,2019,7
683357,Owen Caissie,Canada,LF,21,2002-07-08,23,193,86,L,R,Canada,Miami Marlins,2025,1
683328,Antoine Jean,Canada,P,14,2001-08-01,24,188,86,R,L,Canada,Spokane Indians,,
672021,Eric Cerantola,Canada,P,61,2000-05-02,25,196,102,R,R,Canada,Omaha Storm Chasers,,
676724,Jared Young,Canada,OF,29,1995-07-09,30,188,91,L,R,Canada,New York Mets,2022,4
672640,Otto Lopez,Canada,SS,6,1998-10-01,27,178,84,R,R,Dominican Republic,Miami Marlins,2021,5
668144,Claudio Scotti,Italy,P,98,1998-07-08,27,193,95,R,R,Italy,St. Lucie Mets,,
700669,Gordon Graceffo,Italy,P,44,2000-03-17,26,193,100,R,R,USA,St. Louis Cardinals,2024,2
669711,Greg Weissert,Italy,P,57,1995-02-04,31,188,107,R,R,USA,Boston Red Sox,2022,4
686527,Dominic Canzone,Italy,DH,8,1997-08-16,28,183,86,L,R,USA,Seattle Mariners,2023,3
686747,Joe La Sorsa,Italy,P,75,1998-04-29,27,196,102,L,L,USA,Indianapolis Indians,2023,3
493603,Adam Ottavino,Italy,P,0,1985-11-22,40,196,112,S,R,USA,New York Yankees,2010,16
656186,Dan Altavilla,Italy,P,53,1992-09-08,33,180,107,R,R,USA,St. Paul Saints,2016,10
690626,Dylan DeLucia,Italy,P,22,2000-08-01,25,180,100,R,R,USA,Akron RubberDucks,,
691019,Kyle Teel,Italy,C,3,2002-02-15,24,180,95,L,R,USA,Chicago White Sox,2025,1
703492,Nick Morabito,Italy,OF,7,2003-05-07,22,178,84,R,R,USA,Syracuse Mets,,
805300,Jakob Marsee,Italy,CF,5,2001-06-28,24,183,82,L,L,USA,Miami Marlins,2025,1
838341,Gabriele Quattrini,Italy,P,80,1996-07-18,29,190,118,R,R,Italy,,,
670156,Miles Mastrobuoni,Italy,3B,2,1995-10-31,30,175,84,L,R,USA,Seattle Mariners,2022,4
691951,Sam Aldegheri,Italy,P,12,2001-09-19,24,185,95,L,L,Italy,Salt Lake Bees,2024,2
670036,Matt Festa,Italy,P,52,1993-03-11,33,185,88,R,R,USA,Cleveland Guardians,2018,8
695336,Thomas Saggese,Italy,SS,6,2002-04-10,23,178,84,R,R,USA,St. Louis Cardinals,2024,2
702652,Andrew Fischer,Italy,3B,11,2004-05-25,21,183,95,L,R,USA,Wisconsin Timber Rattlers,,
693312,Kyle Nicolas,Italy,P,19,1999-02-22,27,190,98,R,R,USA,Louisville Bats,2023,3
542932,Jon Berti,Italy,2B,1,1990-01-22,36,178,86,R,R,USA,Chicago Cubs,2018,8
689690,Alek Jacob,Italy,P,37,1998-06-16,27,190,86,L,R,USA,El Paso Chihuahuas,2023,3
683490,J.J. D'Orazio,Italy,C,28,2001-12-28,24,185,77,R,R,Venezuela,Rocket City Trash Pandas,,
807276,Dante Nori,Italy,LF,16,2004-10-07,21,175,86,L,L,Canada,Reading Fightin Phils,,
701305,Zach Dezenzo,Italy,3B,4,2000-05-11,25,196,100,R,R,USA,Houston Astros,2024,2
686469,Vinnie Pasquantino,Italy,1B,9,1997-10-10,28,190,111,L,L,USA,Kansas City Royals,2022,4
606331,Renzo Martini,Italy,3B,41,1992-08-25,33,185,86,R,R,Venezuela,Cardenales de Lara,,
547179,Michael Lorenzen,Italy,P,24,1992-01-04,34,185,98,R,R,USA,Colorado Rockies,2015,11
676760,Ron Marinaccio,Italy,P,97,1995-07-01,30,188,93,R,R,USA,San Diego Padres,2022,4
605400,Aaron Nola,Italy,P,27,1993-06-04,32,188,91,R,R,USA,Philadelphia Phillies,2015,11
803011,Sam Antonacci,Italy,2B,10,2003-02-06,23,180,88,L,R,USA,Charlotte Knights,,
695506,Jac Caglianone,Italy,RF,14,2003-02-09,23,193,113,L,L,USA,Kansas City Royals,2025,1
592848,Zack Weiss,Israel,P,48,1992-06-16,33,190,95,R,R,USA,Memphis Redbirds,2018,8
665152,Dean Kremer,Israel,P,64,1996-01-07,30,188,95,R,R,USA,Norfolk Tides,2020,6
687462,Spencer Horwitz,Israel,1B,13,1997-11-14,28,178,93,L,R,USA,Pittsburgh Pirates,2023,3
702302,RJ Schreck,Israel,RF,0,2000-07-12,25,183,93,L,R,USA,Buffalo Bisons,,
809780,Benjamin Rosengard,Israel,SS,22,2000-01-18,26,190,82,L,R,USA,,,
667690,C.J. Stubbs,Israel,C,36,1996-11-12,29,188,94,R,R,USA,Buffalo Bisons,2025,1
701557,Carlos Lequerica,Israel,P,40,2000-09-06,25,185,90,R,R,USA,West Michigan Whitecaps,,
696492,Ryan Prager,Israel,P,12,2002-10-26,23,190,91,L,L,USA,ACL Guardians,,
810897,Charlie Beilenson,Israel,P,5,1999-12-10,26,183,98,R,R,USA,Arkansas Travelers,,
621199,Matt Bowman,Israel,P,66,1991-05-31,34,183,84,R,R,USA,St. Paul Saints,2016,10
641739,Rob Kaminsky,Israel,P,75,1994-09-02,31,183,88,R,L,USA,Memphis Redbirds,2020,6
815084,Ben Simon,Israel,P,15,2002-03-22,24,180,89,R,R,USA,Binghamton Rumble Ponies,,
690985,Colby Halter,Israel,2B,7,2001-08-24,24,185,93,L,R,USA,Midland RockHounds,,
808953,Assaf Lowengart,Israel,OF,24,1998-03-01,28,185,88,R,R,Israel,,,
679946,Daniel Federman,Israel,P,99,1998-09-18,27,185,93,L,R,USA,Aberdeen IronBirds,,
694249,Cole Carrigg,Israel,SS,8,2002-05-08,23,188,91,S,R,USA,Albuquerque Isotopes,,
702331,Noah Mendlinger,Israel,2B,3,2000-08-09,25,170,82,L,R,USA,Springfield Cardinals,,
695256,Josh Mallitz,Israel,P,58,2001-10-20,24,190,95,R,R,USA,San Antonio Missions,,
694660,Harrison Cohen,Israel,P,18,1999-05-28,26,183,96,R,R,USA,Scranton/Wilkes-Barre RailRiders,,
805374,Tanner Jacobson,Israel,P,39,2000-01-24,26,185,86,R,R,USA,Peoria Chiefs,,
804241,Zach Levenson,Israel,LF,10,2002-03-06,24,183,96,R,R,USA,Springfield Cardinals,,
695372,Jake Gelof,Israel,3B,45,2002-02-25,24,183,88,R,R,USA,Tulsa Drillers,,
592454,Tommy Kahnle,Israel,P,43,1989-08-07,36,185,104,R,R,USA,Worcester Red Sox,2014,12
596117,Garrett Stubbs,Israel,C,21,1993-05-26,32,175,77,L,R,USA,Lehigh Valley IronPigs,2019,7
664056,Harrison Bader,Israel,CF,2,1994-06-03,31,180,99,R,R,USA,San Francisco Giants,2017,9
681671,Zack Leban,Israel,P,53,1996-05-30,29,188,107,R,R,USA,Sultanes de Monterrey,,
676661,Max Lazar,Israel,P,60,1999-06-03,26,185,91,R,R,USA,Philadelphia Phillies,2024,2
802363,Jordan Geber,Israel,P,33,1999-07-31,26,190,93,R,R,USA,Binghamton Rumble Ponies,,
670288,Jake Fishman,Israel,P,17,1995-02-08,31,190,88,L,L,USA,Toros de Tijuana,2022,4
670223,Matt Mervis,Israel,DH,52,1998-04-16,27,188,102,L,R,USA,Rochester Red Wings,2023,3
657612,Tim Hill,United States,P,54,1990-02-10,36,193,95,R,L,USA,New York Yankees,2018,8
643511,Tyler Rogers,United States,P,71,1990-12-17,35,190,82,R,R,USA,Toronto Blue Jays,2019,7
676684,Will Vest,United States,P,17,1995-06-06,30,183,82,R,R,USA,Detroit Tigers,2021,5
681508,Mickey Gasper,Italy,2B,30,1995-10-11,30,175,93,S,R,USA,Worcester Red Sox,2024,2
656546,Jeff Hoffman,United States,P,34,1993-01-08,33,196,107,R,R,USA,Toronto Blue Jays,2016,10
501625,Jose Alvarez,Venezuela,P,19,1989-05-06,36,180,88,L,L,Venezuela,Toros de Tijuana,2013,13
682175,Joe Jacques,Italy,P,34,1995-03-11,31,193,95,L,L,USA,Syracuse Mets,2023,3
677587,Brayan Rocchio,Italy,PH,13,2001-01-13,25,175,77,S,R,Venezuela,Cleveland Guardians,2023,3
