表彰,ポジション,選手名,WBCチーム,備考
All-Tournament Team,捕手,Austin Wells,Dominican Republic,
All-Tournament Team,一塁手,Luis Arraez,Venezuela,
All-Tournament Team,二塁手,Brice Turang,United States,
All-Tournament Team,三塁手,Maikel Garcia,Venezuela,MVP
All-Tournament Team,遊撃手,Ezequiel Tovar,Venezuela,
All-Tournament Team,外野手,Roman Anthony,United States,
All-Tournament Team,外野手,Fernando Tatis Jr.,Dominican Republic,
All-Tournament Team,外野手,Dante Nori,Italy,
All-Tournament Team,指名打者,Shohei Ohtani,Japan,
All-Tournament Team,投手,Paul Skenes,United States,
All-Tournament Team,投手,Logan Webb,United States,
All-Tournament Team,投手,Aaron Nola,Italy,
MVP,三塁手,Maikel Garcia,Venezuela,
